# Blender 4.3.2
# www.blender.org
o model
v -0.176658 0.427438 -0.027178
v -0.176658 0.437321 -0.027178
v -0.176658 0.437321 0.027178
v -0.176658 0.427438 0.027178
v -0.870936 0.390378 -0.037061
v -0.853641 0.407673 -0.037061
v -0.848700 0.400260 -0.037061
v -0.865995 0.385435 -0.037061
v 0.527504 0.249546 0.027178
v 0.527504 0.249546 -0.027178
v 0.539857 0.224837 -0.027178
v 0.539857 0.224837 0.027178
v -0.799284 0.291548 -0.037061
v -0.774577 0.289078 -0.037061
v -0.774577 0.279194 -0.037061
v -0.801755 0.281665 -0.037061
v 0.804227 0.276723 0.039532
v 0.791873 0.281665 0.039532
v 0.789402 0.276723 0.039532
v 0.799284 0.271782 0.039532
v -0.295254 0.242133 0.039532
v -0.310078 0.242133 0.039532
v -0.317490 0.205071 0.039532
v -0.290313 0.205071 0.039532
v -0.648570 0.429910 0.027178
v -0.678218 0.439792 0.027178
v -0.678218 0.439792 -0.027178
v -0.648570 0.429910 -0.027178
v 0.841288 0.247074 -0.039532
v 0.843759 0.239662 -0.039532
v 0.838816 0.234721 -0.039532
v 0.831404 0.239662 -0.039532
v 0.779520 0.202601 0.027178
v 0.769636 0.207542 0.027178
v 0.767165 0.205071 0.039532
v 0.779520 0.200130 0.039532
v 0.932705 0.271782 -0.039532
v 0.937647 0.276723 -0.039532
v 0.942588 0.264369 -0.039532
v 0.937647 0.261899 -0.039532
v 0.119831 0.202601 -0.039532
v 0.114890 0.214955 -0.039532
v 0.132185 0.224837 -0.039532
v 0.137126 0.212484 -0.039532
v -0.705397 0.298960 -0.037061
v -0.678218 0.311314 -0.037061
v -0.673277 0.301430 -0.037061
v -0.702926 0.289078 -0.037061
v 0.142067 0.279194 -0.027178
v 0.142067 0.286606 -0.039532
v 0.156892 0.284135 -0.039532
v 0.149480 0.276723 -0.027178
v 0.937647 0.229778 -0.039532
v 0.945059 0.229778 -0.039532
v 0.942588 0.212484 -0.039532
v 0.937647 0.214955 -0.039532
v 0.893173 0.212484 -0.039532
v 0.900586 0.214955 -0.039532
v 0.905527 0.205071 -0.039532
v 0.900586 0.200130 -0.039532
v 0.853641 0.271782 -0.027178
v 0.853641 0.271782 0.027178
v 0.846229 0.269310 0.027178
v 0.846229 0.269310 -0.027178
v 0.932705 0.261899 0.027178
v 0.932705 0.261899 -0.027178
v 0.935175 0.252016 -0.027178
v 0.935175 0.252016 0.027178
v -0.863525 0.494149 0.032120
v -0.880819 0.496619 0.039532
v -0.880819 0.496619 -0.039532
v -0.863525 0.494149 -0.032120
v -0.744929 0.266840 0.037061
v -0.742458 0.279194 0.037061
v -0.754811 0.276723 0.037061
v -0.762223 0.259428 0.037061
v 0.658452 0.237191 -0.027178
v 0.663395 0.229778 -0.039532
v 0.648570 0.217426 -0.039532
v 0.643629 0.227308 -0.027178
v 0.907998 0.207542 0.027178
v 0.903056 0.214955 0.027178
v 0.900586 0.214955 0.039532
v 0.905527 0.205071 0.039532
v 0.018531 0.348374 0.027178
v 0.023472 0.358258 0.027178
v 0.016060 0.363199 0.039532
v 0.011119 0.358258 0.039532
v 0.097594 0.363199 0.039532
v 0.095124 0.370612 0.034591
v 0.072887 0.360728 0.034591
v 0.077828 0.355787 0.039532
v 0.900586 0.229778 0.027178
v 0.900586 0.252016 0.027178
v 0.898115 0.252016 0.039532
v 0.898115 0.229778 0.039532
v 0.690572 0.294019 0.039532
v 0.690572 0.303901 0.039532
v 0.678218 0.301430 0.039532
v 0.678218 0.296489 0.039532
v -0.507738 0.400260 0.039532
v -0.525032 0.405201 0.039532
v -0.539857 0.368141 0.039532
v -0.522561 0.360728 0.039532
v -0.544799 0.318726 0.039532
v -0.564564 0.323667 0.039532
v -0.569506 0.301430 0.039532
v -0.549740 0.298960 0.039532
v 0.930234 0.269310 -0.027178
v 0.781990 0.244603 -0.027178
v 0.786931 0.244603 -0.034591
v 0.789402 0.239662 -0.034591
v 0.786931 0.237191 -0.027178
v -0.777048 0.400260 -0.037061
v -0.759752 0.412614 -0.037061
v -0.754811 0.397790 -0.044473
v -0.767165 0.390378 -0.044473
v -0.564564 0.323667 -0.039532
v -0.569506 0.301430 -0.039532
v -0.399025 0.437321 0.027178
v -0.357022 0.437321 0.027178
v -0.357022 0.437321 -0.027178
v -0.399025 0.437321 -0.027178
v 0.759752 0.271782 0.034591
v 0.767165 0.276723 0.039532
v 0.764695 0.281665 0.027178
v 0.757282 0.271782 0.027178
v -0.579388 0.501560 0.039532
v -0.576918 0.513915 0.039532
v -0.601625 0.511444 0.039532
v -0.601625 0.499090 0.039532
v -0.616450 0.501560 0.039532
v -0.618920 0.508973 0.032120
v -0.646099 0.501560 0.032120
v -0.643627 0.494149 0.039532
v -0.601625 0.518856 -0.027178
v -0.576918 0.518856 -0.027178
v -0.576918 0.513915 -0.039532
v -0.601625 0.511444 -0.039532
v 0.868466 0.254487 0.027178
v 0.868466 0.254487 -0.027178
v 0.861054 0.254487 -0.027178
v 0.861054 0.254487 0.027178
v 0.831404 0.252016 0.039532
v 0.831404 0.266840 0.039532
v 0.828934 0.266840 0.027178
v 0.826463 0.252016 0.027178
v 0.898115 0.252016 -0.039532
v 0.900586 0.252016 -0.027178
v 0.900586 0.229778 -0.027178
v 0.898115 0.229778 -0.039532
v -0.725163 0.397790 0.044473
v -0.720221 0.412614 0.037061
v -0.742458 0.415085 0.037061
v -0.742458 0.400260 0.044473
v 0.159363 0.214955 0.039532
v 0.151951 0.222367 0.039532
v 0.149480 0.214955 0.027178
v 0.154422 0.210014 0.027178
v -0.828934 0.407673 -0.027178
v -0.811638 0.415085 -0.027178
v -0.811638 0.415085 0.027178
v -0.828934 0.407673 0.027178
v 0.922822 0.271782 0.027178
v 0.922822 0.271782 -0.027178
v 0.930234 0.269310 0.027178
v 0.181599 0.232250 -0.039532
v 0.189012 0.232250 -0.027178
v 0.191483 0.224837 -0.027178
v 0.184070 0.222367 -0.039532
v 0.685631 0.348374 0.027178
v 0.665865 0.365669 0.027178
v 0.660924 0.358258 0.039532
v 0.678218 0.343433 0.039532
v -0.310078 0.242133 -0.039532
v -0.305136 0.254487 -0.027178
v -0.297724 0.254487 -0.027178
v -0.295254 0.242133 -0.039532
v 0.564565 0.281665 0.039532
v 0.549740 0.276723 0.039532
v 0.559623 0.271782 0.027178
v 0.567036 0.274253 0.027178
v -0.137126 0.407673 0.027178
v -0.144538 0.412614 0.027178
v -0.144538 0.412614 -0.027178
v -0.137126 0.407673 -0.027178
v -0.040767 0.417555 -0.039532
v -0.048179 0.424967 -0.027178
v -0.025942 0.424967 -0.027178
v -0.025942 0.417555 -0.039532
v 0.376788 0.407673 0.027178
v 0.384201 0.412614 0.027178
v 0.376788 0.417555 0.039532
v 0.371847 0.412614 0.039532
v -0.828934 0.291548 0.037061
v -0.831404 0.286606 0.027178
v -0.804227 0.276723 0.027178
v -0.801755 0.281665 0.037061
v 0.898115 0.281665 -0.027178
v 0.900586 0.276723 -0.039532
v 0.893173 0.264369 -0.039532
v 0.888232 0.266840 -0.027178
v -0.762223 0.259428 -0.037061
v -0.744929 0.266840 -0.037061
v -0.744929 0.256957 -0.027178
v -0.759752 0.252016 -0.027178
v -0.796814 0.224837 0.027178
v -0.784461 0.249546 0.027178
v -0.784461 0.249546 -0.027178
v -0.796814 0.224837 -0.027178
v 0.643629 0.375553 -0.027178
v 0.643629 0.375553 0.027178
v 0.665865 0.365669 -0.027178
v -0.507738 0.400260 -0.039532
v -0.502795 0.437321 -0.039532
v -0.502795 0.437321 0.039532
v 0.836346 0.200130 0.039532
v 0.828934 0.212484 0.039532
v 0.821969 0.209761 0.027178
v 0.833875 0.195189 0.027178
v 0.193953 0.195189 -0.027178
v 0.193953 0.195189 0.027178
v 0.176658 0.195189 0.027178
v 0.176658 0.195189 -0.027178
v 0.487972 0.427438 0.039532
v 0.480559 0.442263 0.039532
v 0.460793 0.432380 0.039532
v 0.475618 0.420026 0.039532
v 0.483029 0.415085 -0.027178
v 0.490442 0.420026 -0.027178
v 0.490442 0.420026 0.027178
v 0.483029 0.415085 0.027178
v -0.945059 0.400260 0.039532
v -0.950000 0.437321 0.039532
v -0.950000 0.437321 -0.039532
v -0.945059 0.400260 -0.039532
v 0.851170 0.200130 0.039532
v 0.841288 0.205071 0.039532
v 0.851170 0.192718 0.039532
v -0.784461 0.358258 0.044473
v -0.794343 0.358258 0.037061
v -0.789402 0.336021 0.037061
v -0.779518 0.340962 0.044473
v -0.878348 0.321196 0.027178
v -0.890702 0.345903 0.027178
v -0.890702 0.345903 -0.027178
v -0.878348 0.321196 -0.027178
v 0.191483 0.224837 0.027178
v 0.203836 0.214955 0.027178
v 0.203836 0.214955 -0.027178
v 0.814109 0.266840 -0.027178
v 0.814109 0.266840 0.027178
v 0.816580 0.252016 0.027178
v 0.816580 0.252016 -0.027178
v 0.621392 0.355787 -0.039532
v 0.621392 0.370612 -0.039532
v 0.641157 0.368141 -0.039532
v 0.636216 0.353316 -0.039532
v 0.688102 0.274253 -0.027178
v 0.680689 0.281665 -0.039532
v 0.688102 0.284135 -0.039532
v 0.695513 0.276723 -0.027178
v -0.705397 0.249546 0.032120
v -0.695513 0.261899 0.039532
v -0.722691 0.269310 0.039532
v -0.727634 0.256957 0.032120
v 0.641157 0.368141 0.039532
v 0.636216 0.353316 0.039532
v 0.653511 0.345903 0.039532
v -0.586802 0.407673 -0.037061
v -0.611509 0.429910 -0.037061
v -0.609038 0.434851 -0.032120
v -0.581859 0.412614 -0.032120
v -0.107477 0.407673 -0.027178
v -0.100065 0.412614 -0.027178
v -0.100065 0.412614 0.027178
v -0.107477 0.407673 0.027178
v 0.581860 0.190247 0.027178
v 0.581860 0.190247 -0.027178
v 0.609038 0.187776 -0.027178
v 0.609038 0.187776 0.027178
v 0.628804 0.219896 0.027178
v 0.611509 0.219896 0.027178
v 0.611509 0.210014 0.039532
v 0.631275 0.210014 0.039532
v -0.544799 0.318726 -0.039532
v -0.549740 0.298960 -0.039532
v -0.742458 0.415085 -0.037061
v -0.742458 0.400260 -0.044473
v -0.670806 0.061769 -0.017295
v -0.655982 0.108712 -0.027178
v -0.655982 0.108712 0.027178
v -0.670806 0.061769 0.017295
v 0.510208 0.434851 -0.039532
v 0.520091 0.432380 -0.027178
v 0.515150 0.422497 -0.027178
v 0.507738 0.429910 -0.039532
v 0.888232 0.266840 0.027178
v 0.885761 0.252016 -0.027178
v 0.885761 0.252016 0.027178
v 0.915409 0.200130 0.039532
v 0.900586 0.200130 0.039532
v 0.915409 0.192718 0.039532
v 0.678218 0.249546 -0.027178
v 0.678218 0.249546 0.027178
v 0.693043 0.247074 0.027178
v 0.693043 0.247074 -0.027178
v 0.072887 0.360728 -0.034591
v 0.095124 0.370612 -0.034591
v 0.097594 0.363199 -0.039532
v 0.077828 0.355787 -0.039532
v -0.562093 0.182835 0.034591
v -0.569506 0.185305 0.034591
v -0.586802 0.128478 0.027178
v -0.584331 0.128478 0.027178
v -0.611509 0.429910 0.037061
v -0.618920 0.420026 0.037061
v -0.596684 0.400260 0.037061
v -0.586802 0.407673 0.037061
v 0.833875 0.229778 -0.039532
v 0.838816 0.227308 -0.027178
v 0.838816 0.214955 -0.027178
v 0.833875 0.214955 -0.039532
v -0.025942 0.358258 -0.039532
v -0.025942 0.373082 -0.039532
v -0.013589 0.373082 -0.039532
v -0.013589 0.358258 -0.039532
v -0.601625 0.397790 0.027178
v -0.591743 0.382965 0.027178
v -0.584331 0.382965 0.037061
v -0.717750 0.301430 0.027178
v -0.707868 0.303901 0.027178
v -0.707868 0.303901 -0.027178
v -0.717750 0.301430 -0.027178
v 0.164304 0.200130 -0.027178
v 0.169246 0.205071 -0.039532
v 0.179129 0.202601 -0.039532
v 0.189012 0.232250 0.027178
v 0.189012 0.284135 0.027178
v 0.181599 0.284135 0.039532
v 0.181599 0.232250 0.039532
v -0.769636 0.424967 -0.032120
v -0.781990 0.429910 -0.032120
v -0.781990 0.432380 -0.027178
v -0.762223 0.424967 -0.027178
v -0.591743 0.360728 0.037061
v -0.599154 0.368141 0.037061
v -0.623863 0.348374 0.037061
v -0.616450 0.338492 0.037061
v 0.112419 0.224837 0.027178
v 0.095124 0.219896 0.027178
v 0.097594 0.210014 0.039532
v 0.114890 0.214955 0.039532
v 0.898115 0.195189 0.027178
v 0.898115 0.195189 -0.027178
v 0.912939 0.187776 -0.027178
v 0.912939 0.187776 0.027178
v 0.653511 0.345903 -0.039532
v 0.660924 0.358258 -0.039532
v 0.678218 0.343433 -0.039532
v 0.665865 0.336021 -0.039532
v -0.754811 0.289078 0.037061
v -0.757282 0.296489 0.027178
v -0.774577 0.294019 0.027178
v -0.774577 0.289078 0.037061
v 0.819498 0.229525 -0.027178
v 0.826463 0.229778 -0.039532
v 0.828934 0.212484 -0.039532
v 0.823993 0.210014 -0.027178
v 0.809168 0.195189 -0.027178
v 0.809168 0.195189 0.027178
v 0.794343 0.187776 0.027178
v 0.794343 0.187776 -0.027178
v -0.799284 0.291548 0.037061
v -0.823993 0.298960 0.037061
v 0.102536 0.281665 -0.039532
v 0.105006 0.271782 -0.027178
v 0.090183 0.264369 -0.027178
v 0.085240 0.271782 -0.039532
v -0.774577 0.239662 -0.027178
v -0.759752 0.252016 0.027178
v -0.774577 0.239662 0.027178
v -0.139597 0.368141 -0.039532
v -0.144538 0.375553 -0.027178
v -0.102536 0.375553 -0.027178
v -0.109949 0.368141 -0.039532
v 0.011119 0.373082 0.039532
v -0.013589 0.373082 0.039532
v -0.013589 0.358258 0.039532
v 0.851170 0.254487 0.027178
v 0.851170 0.254487 -0.027178
v 0.841288 0.252016 -0.027178
v 0.841288 0.252016 0.027178
v 0.129714 0.380494 -0.027178
v 0.129714 0.380494 0.027178
v 0.156892 0.375553 0.027178
v 0.156892 0.375553 -0.027178
v -0.885761 0.348374 0.037061
v -0.873407 0.326138 0.037061
v -0.067945 0.368141 -0.039532
v -0.055592 0.368141 -0.039532
v -0.055592 0.353316 -0.039532
v -0.067945 0.353316 -0.039532
v 0.282899 0.429910 0.039532
v 0.250781 0.429910 0.039532
v 0.250781 0.202601 0.039532
v 0.277958 0.202601 0.039532
v -0.945059 0.469441 -0.039532
v -0.930234 0.494149 -0.039532
v -0.917880 0.484265 -0.039532
v -0.930234 0.464499 -0.039532
v 0.611509 0.210014 -0.039532
v 0.611509 0.219896 -0.027178
v 0.628804 0.219896 -0.027178
v 0.631275 0.210014 -0.039532
v -0.673277 0.457087 -0.037061
v -0.641157 0.444733 -0.037061
v -0.646099 0.434851 -0.037061
v -0.675748 0.444733 -0.037061
v 0.245838 0.197660 0.027178
v 0.282899 0.197660 0.027178
v -0.846229 0.397790 -0.027178
v -0.846229 0.397790 0.027178
v 0.925293 0.276723 -0.039532
v 0.547270 0.229778 0.039532
v 0.537386 0.252016 0.039532
v 0.060533 0.202601 0.039532
v 0.048179 0.212484 0.039532
v 0.043238 0.210014 0.027178
v 0.055592 0.195189 0.027178
v -0.105006 0.429910 -0.039532
v -0.100065 0.434851 -0.027178
v -0.105006 0.417555 -0.039532
v 0.826463 0.229778 0.039532
v 0.831404 0.239662 0.039532
v 0.826463 0.239662 0.027178
v 0.819498 0.229525 0.027178
v 0.851170 0.200130 -0.039532
v 0.851170 0.202601 -0.027178
v 0.861054 0.202601 -0.027178
v 0.863525 0.200130 -0.039532
v -0.055592 0.353316 0.039532
v -0.067945 0.353316 0.039532
v -0.075358 0.345903 0.027178
v -0.055592 0.345903 0.027178
v -0.641157 0.489207 0.032120
v -0.675748 0.484265 0.039532
v -0.673277 0.479324 0.032120
v 0.819051 0.210014 0.027178
v 0.814109 0.212484 0.039532
v 0.806697 0.200130 0.039532
v 0.843759 0.271782 0.039532
v 0.853641 0.276723 0.039532
v 0.851170 0.281665 0.039532
v 0.838816 0.276723 0.039532
v -0.865995 0.331080 -0.037061
v -0.875877 0.350846 -0.037061
v -0.870936 0.353316 -0.027178
v -0.861054 0.333551 -0.027178
v 0.507738 0.429910 0.039532
v 0.500325 0.429910 0.039532
v 0.500325 0.422497 0.027178
v 0.515150 0.422497 0.027178
v 0.008647 0.222367 -0.027178
v 0.001235 0.232250 -0.027178
v 0.001235 0.232250 0.027178
v 0.008647 0.222367 0.027178
v 0.759752 0.212484 0.034591
v 0.757282 0.207542 0.034591
v 0.764695 0.200130 0.039532
v 0.058062 0.316255 0.034591
v 0.048179 0.316255 0.034591
v 0.045708 0.313785 0.027178
v 0.060533 0.313785 0.027178
v 0.142067 0.207542 -0.027178
v 0.142067 0.207542 0.027178
v 0.124772 0.195189 0.027178
v 0.124772 0.195189 -0.027178
v 0.665865 0.336021 0.039532
v 0.851170 0.202601 0.027178
v 0.843759 0.207542 0.027178
v 0.525033 0.276723 -0.027178
v 0.534915 0.276723 -0.039532
v 0.537386 0.252016 -0.039532
v 0.777048 0.286606 -0.027178
v 0.777048 0.281665 -0.039532
v 0.767165 0.276723 -0.039532
v 0.764695 0.281665 -0.027178
v 0.169246 0.333551 -0.039532
v 0.161833 0.348374 -0.039532
v 0.171717 0.355787 -0.039532
v 0.181599 0.338492 -0.039532
v 0.665865 0.247074 -0.027178
v 0.673277 0.242133 -0.039532
v -0.878348 0.123537 0.032120
v -0.900586 0.182835 0.034591
v -0.900586 0.182835 -0.034591
v -0.878348 0.123537 -0.032120
v 0.179129 0.360728 -0.027178
v 0.189012 0.340962 -0.027178
v 0.935175 0.229778 -0.027178
v 0.932705 0.214955 -0.027178
v -0.910468 0.234721 -0.037061
v -0.895643 0.234721 -0.037061
v -0.890702 0.185305 -0.034591
v 0.893173 0.264369 0.039532
v 0.900586 0.276723 0.039532
v 0.898115 0.281665 0.027178
v -0.186540 0.410144 -0.027178
v -0.186540 0.410144 0.027178
v -0.134656 0.434851 -0.039532
v -0.137126 0.439792 -0.027178
v -0.107477 0.439792 -0.027178
v -0.109949 0.434851 -0.039532
v 0.779520 0.271782 -0.027178
v 0.779520 0.274253 -0.039532
v 0.789402 0.276723 -0.039532
v 0.789402 0.271782 -0.027178
v 0.124772 0.345903 -0.027178
v 0.124772 0.345903 0.027178
v 0.114890 0.345903 0.027178
v 0.114890 0.345903 -0.027178
v -0.658452 0.160598 -0.039532
v -0.660923 0.210014 -0.039532
v -0.646099 0.212484 -0.032120
v -0.648570 0.160598 -0.032120
v 0.799284 0.207542 -0.027178
v 0.801756 0.205071 -0.039532
v 0.791873 0.200130 -0.039532
v 0.791873 0.202601 -0.027178
v 0.915409 0.271782 -0.027178
v 0.915409 0.276723 -0.039532
v -0.707868 0.447205 -0.027178
v -0.707868 0.452146 -0.037061
v -0.606567 0.511444 0.032120
v -0.601625 0.518856 0.027178
v -0.606567 0.511444 -0.032120
v -0.134656 0.412614 0.039532
v -0.139597 0.417555 0.039532
v 0.633745 0.343433 0.027178
v 0.633745 0.343433 -0.027178
v 0.648570 0.338492 -0.027178
v 0.648570 0.338492 0.027178
v 0.804227 0.264369 -0.039532
v 0.811638 0.266840 -0.039532
v 0.811638 0.252016 -0.039532
v 0.806697 0.252016 -0.039532
v -0.102536 0.375553 0.027178
v -0.144538 0.375553 0.027178
v -0.139597 0.368141 0.039532
v -0.109949 0.368141 0.039532
v -0.621391 0.415085 0.027178
v -0.799284 0.019766 -0.017295
v -0.843759 0.066710 -0.027178
v -0.838816 0.071651 -0.027178
v -0.796814 0.024707 -0.017295
v -0.767165 0.266840 0.027178
v -0.762223 0.271782 0.027178
v -0.762223 0.271782 -0.027178
v -0.767165 0.266840 -0.027178
v -0.833875 0.496619 -0.039532
v -0.804227 0.491678 -0.037061
v -0.804227 0.486737 -0.032120
v -0.836346 0.489207 -0.032120
v 0.045708 0.229778 0.039532
v 0.038297 0.229778 0.027178
v -0.861054 0.333551 0.027178
v -0.865995 0.331080 0.037061
v -0.846229 0.313785 0.037061
v -0.843759 0.316255 0.027178
v 0.633745 0.195189 0.039532
v 0.609038 0.195189 0.039532
v 0.636216 0.187776 0.027178
v -0.759752 0.412614 0.037061
v -0.754811 0.397790 0.044473
v -0.794343 0.333551 -0.027178
v -0.801755 0.358258 -0.027178
v -0.794343 0.358258 -0.037061
v -0.789402 0.336021 -0.037061
v -0.754811 0.289078 -0.037061
v -0.754811 0.276723 -0.037061
v -0.683159 0.274253 0.032120
v -0.673277 0.242133 0.039532
v -0.658452 0.249546 0.032120
v 0.870936 0.279194 0.034591
v 0.863525 0.281665 0.039532
v 0.863525 0.276723 0.039532
v 0.868466 0.274253 0.034591
v 0.900586 0.261899 -0.039532
v 0.903056 0.261899 -0.027178
v -0.100065 0.434851 0.027178
v -0.794343 0.197660 -0.027178
v -0.786931 0.222367 -0.027178
v -0.786931 0.222367 0.027178
v -0.794343 0.197660 0.027178
v 0.562093 0.303901 -0.027178
v 0.562093 0.303901 0.027178
v 0.567036 0.298960 0.027178
v 0.567036 0.298960 -0.027178
v 0.811638 0.239662 -0.039532
v 0.816580 0.239662 -0.027178
v 0.819498 0.229525 -0.027178
v 0.816580 0.229778 -0.039532
v -0.895643 0.234721 0.037061
v -0.910468 0.234721 0.037061
v -0.890702 0.185305 0.034591
v 0.937647 0.252016 -0.039532
v 0.945059 0.252016 -0.039532
v 0.500325 0.442263 -0.039532
v 0.500325 0.449676 -0.027178
v 0.515150 0.444733 -0.027178
v -0.618920 0.074123 0.017295
v -0.586802 0.128478 -0.027178
v -0.618920 0.074123 -0.017295
v -0.040767 0.232250 -0.039532
v -0.040767 0.348374 -0.039532
v -0.025942 0.229778 -0.039532
v 0.557152 0.205071 -0.027178
v 0.562093 0.210014 -0.039532
v 0.584331 0.200130 -0.039532
v -0.112419 0.202601 0.039532
v -0.139597 0.202601 0.039532
v -0.144538 0.197660 0.027178
v -0.107477 0.197660 0.027178
v 0.841288 0.261899 0.027178
v 0.838816 0.264369 0.039532
v 0.836346 0.252016 0.039532
v -0.846229 0.313785 -0.037061
v -0.843759 0.316255 -0.027178
v -0.739987 0.449676 0.027178
v -0.739987 0.454617 0.037061
v -0.772107 0.454617 0.037061
v -0.772107 0.447205 0.027178
v 0.169246 0.301430 -0.039532
v 0.181599 0.301430 -0.039532
v 0.658452 0.328609 0.027178
v 0.658452 0.328609 -0.027178
v 0.663395 0.316255 -0.027178
v 0.663395 0.316255 0.027178
v -0.539857 0.484265 0.039532
v -0.527504 0.494149 0.039532
v -0.552211 0.508973 0.039532
v -0.557152 0.494149 0.039532
v 0.589272 0.212484 -0.039532
v 0.591743 0.222367 -0.027178
v -0.638686 0.452146 -0.032120
v 0.621392 0.355787 0.039532
v 0.621392 0.345903 0.027178
v 0.433615 0.358258 -0.027178
v 0.441027 0.365669 -0.039532
v 0.441027 0.202601 -0.039532
v 0.433615 0.197660 -0.027178
v 0.016060 0.363199 -0.039532
v 0.023472 0.358258 -0.027178
v 0.018531 0.348374 -0.027178
v 0.011119 0.358258 -0.039532
v 0.856112 0.242133 -0.039532
v 0.853641 0.249546 -0.039532
v 0.861054 0.252016 -0.039532
v 0.863525 0.244603 -0.039532
v -0.861054 0.427438 0.027178
v -0.836346 0.444733 0.027178
v -0.836346 0.444733 -0.027178
v -0.861054 0.427438 -0.027178
v 0.147010 0.360728 -0.039532
v 0.149480 0.340962 -0.039532
v 0.139597 0.348374 -0.039532
v -0.893173 0.323667 0.039532
v -0.912939 0.318726 0.039532
v -0.905527 0.298960 0.039532
v -0.885761 0.301430 0.039532
v 0.769636 0.269310 -0.039532
v -0.779518 0.313785 -0.027178
v -0.774577 0.318726 -0.037061
v 0.077828 0.254487 -0.027178
v 0.077828 0.254487 0.027178
v 0.070417 0.242133 0.027178
v 0.070417 0.242133 -0.027178
v -0.742458 0.291548 -0.037061
v -0.742458 0.279194 -0.037061
v -0.139597 0.429910 -0.039532
v -0.144538 0.434851 -0.027178
v -0.688102 0.032119 0.009882
v -0.680689 0.061769 0.017295
v -0.680689 0.061769 -0.017295
v -0.688102 0.032119 -0.009882
v 0.500325 0.422497 -0.027178
v 0.500325 0.429910 -0.039532
v 0.890702 0.252016 -0.039532
v 0.878348 0.205071 -0.027178
v 0.878348 0.205071 0.027178
v 0.875877 0.195189 0.027178
v 0.875877 0.195189 -0.027178
v 0.799284 0.207542 0.027178
v 0.791873 0.202601 0.027178
v 0.097594 0.210014 -0.039532
v 0.095124 0.219896 -0.027178
v 0.112419 0.224837 -0.027178
v -0.690572 0.333551 -0.027178
v -0.683159 0.358258 -0.027178
v -0.683159 0.358258 0.027178
v -0.690572 0.333551 0.027178
v -0.609038 0.434851 0.032120
v -0.581859 0.412614 0.032120
v -0.705397 0.469441 -0.032120
v -0.670806 0.462028 -0.032120
v -0.705397 0.462028 -0.037061
v -0.905527 0.298960 -0.039532
v -0.912939 0.318726 -0.039532
v -0.893173 0.323667 -0.039532
v -0.885761 0.301430 -0.039532
v 0.861054 0.252016 0.039532
v 0.853641 0.249546 0.039532
v 0.856112 0.242133 0.039532
v 0.863525 0.244603 0.039532
v 0.048179 0.316255 -0.034591
v 0.053121 0.326138 -0.039532
v 0.065474 0.321196 -0.039532
v 0.058062 0.316255 -0.034591
v -0.391613 0.429910 -0.039532
v -0.317490 0.205071 -0.039532
v -0.322431 0.197660 -0.027178
v 0.841288 0.247074 0.039532
v 0.500325 0.449676 0.027178
v 0.515150 0.444733 0.027178
v -0.008647 0.227308 -0.039532
v -0.006176 0.232250 -0.027178
v -0.001235 0.227308 -0.039532
v 0.137126 0.340962 -0.027178
v 0.144538 0.336021 -0.027178
v -0.831404 0.432380 -0.027178
v -0.801755 0.439792 -0.027178
v -0.801755 0.439792 0.027178
v -0.831404 0.432380 0.027178
v -0.626333 0.350846 -0.027178
v -0.604096 0.370612 -0.027178
v -0.599154 0.368141 -0.037061
v -0.623863 0.348374 -0.037061
v -0.569506 0.281665 -0.039532
v -0.552211 0.281665 -0.039532
v 0.794343 0.192718 0.039532
v 0.779520 0.192718 0.039532
v 0.777048 0.187776 0.027178
v -0.604096 0.504031 0.039532
v 0.950000 0.229778 0.027178
v 0.950000 0.252016 0.027178
v 0.945059 0.252016 0.039532
v 0.945059 0.229778 0.039532
v -0.552211 0.508973 -0.039532
v -0.557152 0.494149 -0.039532
v -0.579388 0.501560 -0.039532
v 0.633745 0.195189 -0.039532
v 0.655982 0.205071 -0.039532
v -0.705397 0.313785 0.027178
v -0.707868 0.316255 0.037061
v -0.722691 0.303901 0.037061
v 0.796814 0.239662 0.039532
v 0.789402 0.239662 0.034591
v 0.786931 0.237191 0.027178
v 0.796814 0.234721 0.027178
v 0.416320 0.368141 0.039532
v 0.416320 0.373082 0.039532
v 0.406438 0.378024 0.027178
v 0.406438 0.363199 0.027178
v -0.865995 0.385435 0.037061
v -0.870936 0.390378 0.037061
v -0.888232 0.370612 0.037061
v -0.878348 0.370612 0.037061
v 0.791873 0.281665 -0.039532
v 0.804227 0.276723 -0.039532
v 0.799284 0.271782 -0.039532
v 0.621392 0.345903 -0.027178
v 0.764695 0.266840 0.034591
v 0.769636 0.269310 0.039532
v -0.885761 0.281665 0.039532
v -0.905527 0.281665 0.039532
v 0.927763 0.289078 0.027178
v 0.912939 0.289078 0.027178
v 0.915409 0.284135 0.039532
v 0.925293 0.284135 0.039532
v 0.940118 0.281665 -0.027178
v 0.947529 0.266840 -0.027178
v 0.065474 0.321196 0.039532
v 0.053121 0.326138 0.039532
v 0.433615 0.197660 0.027178
v 0.433615 0.358258 0.027178
v 0.537386 0.328609 0.027178
v 0.537386 0.328609 -0.027178
v 0.527504 0.303901 -0.027178
v 0.527504 0.303901 0.027178
v 0.203836 0.202601 0.027178
v 0.198895 0.207542 0.039532
v 0.191483 0.202601 0.039532
v 0.070417 0.259428 0.039532
v 0.085240 0.271782 0.039532
v 0.077828 0.284135 0.039532
v 0.060533 0.269310 0.039532
v -0.688102 0.234721 0.032120
v -0.705397 0.249546 -0.032120
v -0.688102 0.234721 -0.032120
v 0.804227 0.214955 -0.027178
v 0.806697 0.214955 -0.039532
v -0.564564 0.234721 -0.037061
v -0.552211 0.234721 -0.037061
v 0.349610 0.412614 -0.039532
v 0.349610 0.434851 -0.039532
v 0.371847 0.434851 -0.039532
v 0.371847 0.412614 -0.039532
v -0.786931 0.415085 0.027178
v -0.796814 0.417555 0.027178
v -0.796814 0.417555 -0.027178
v -0.786931 0.415085 -0.027178
v -0.690572 0.358258 -0.037061
v -0.693043 0.380494 -0.037061
v -0.688102 0.382965 -0.027178
v 0.418790 0.378024 0.039532
v 0.411379 0.385435 0.027178
v -0.638686 0.452146 0.032120
v -0.641157 0.444733 0.037061
v 0.851170 0.187776 0.027178
v -0.774577 0.410144 0.027178
v -0.781990 0.405201 0.027178
v -0.777048 0.400260 0.037061
v 0.890702 0.229778 -0.039532
v 0.885761 0.229778 -0.027178
v 0.873407 0.212484 0.027178
v 0.873407 0.212484 -0.027178
v 0.868466 0.207542 -0.027178
v 0.868466 0.207542 0.027178
v 0.658452 0.197660 -0.027178
v 0.658452 0.197660 0.027178
v 0.636216 0.187776 -0.027178
v 0.063004 0.340962 -0.039532
v 0.085240 0.343433 -0.039532
v 0.072887 0.333551 -0.039532
v 0.478088 0.385435 -0.027178
v 0.478088 0.405201 -0.027178
v 0.478088 0.405201 0.027178
v 0.478088 0.385435 0.027178
v 0.151951 0.222367 -0.039532
v 0.169246 0.232250 -0.039532
v 0.171717 0.222367 -0.039532
v 0.159363 0.214955 -0.039532
v -0.663395 0.108712 0.032120
v -0.670806 0.108712 0.027178
v -0.675748 0.061769 0.022237
v 0.900586 0.261899 0.039532
v 0.890702 0.252016 0.039532
v 0.006176 0.210014 0.027178
v 0.001235 0.222367 0.039532
v 0.001235 0.212484 0.039532
v 0.791873 0.286606 -0.027178
v 0.791873 0.286606 0.027178
v 0.806697 0.281665 0.027178
v 0.806697 0.281665 -0.027178
v 0.055592 0.195189 -0.027178
v 0.077828 0.187776 -0.027178
v 0.077828 0.187776 0.027178
v -0.804227 0.447205 -0.037061
v -0.772107 0.454617 -0.037061
v -0.772107 0.447205 -0.027178
v 0.851170 0.187776 -0.027178
v 0.851170 0.192718 -0.039532
v 0.863525 0.192718 -0.039532
v 0.865995 0.187776 -0.027178
v 0.198895 0.214955 -0.039532
v 0.203836 0.202601 -0.027178
v 0.198895 0.207542 -0.039532
v 0.762224 0.195189 -0.027178
v 0.764695 0.200130 -0.039532
v 0.779520 0.192718 -0.039532
v 0.777048 0.187776 -0.027178
v -0.779518 0.244603 0.034591
v 0.179129 0.360728 0.027178
v -0.836346 0.424967 0.027178
v -0.814109 0.432380 0.027178
v -0.814109 0.432380 -0.027178
v -0.836346 0.424967 -0.027178
v 0.888232 0.210014 -0.027178
v 0.149480 0.308842 0.027178
v 0.142067 0.306372 0.027178
v 0.142067 0.298960 0.039532
v 0.156892 0.301430 0.039532
v 0.801756 0.261899 0.027178
v 0.801756 0.261899 -0.027178
v 0.801756 0.252016 -0.027178
v 0.801756 0.252016 0.027178
v -0.777048 0.274253 -0.027178
v -0.105006 0.429910 0.039532
v -0.105006 0.417555 0.039532
v -0.836346 0.489207 0.032120
v 0.673277 0.242133 0.039532
v 0.680689 0.247074 0.034591
v 0.665865 0.247074 0.027178
v 0.114890 0.365669 -0.039532
v 0.127243 0.365669 -0.039532
v 0.124772 0.353316 -0.039532
v 0.114890 0.353316 -0.039532
v 0.796814 0.234721 -0.027178
v 0.801756 0.232250 -0.027178
v 0.801756 0.232250 0.027178
v -0.675748 0.207542 -0.032120
v -0.673277 0.242133 -0.039532
v 0.873407 0.210014 0.034591
v 0.875877 0.205071 0.034591
v -0.715279 0.390378 0.044473
v -0.705397 0.400260 0.037061
v 0.151951 0.370612 -0.039532
v 0.189012 0.284135 -0.027178
v -0.562093 0.382965 -0.032120
v -0.562093 0.382965 0.032120
v -0.796814 0.434851 0.027178
v -0.796814 0.434851 -0.027178
v -0.522561 0.437321 0.039532
v -0.522561 0.437321 -0.039532
v -0.525032 0.405201 -0.039532
v -0.804227 0.491678 0.037061
v -0.801755 0.496619 0.032120
v -0.831404 0.504031 0.032120
v -0.833875 0.496619 0.039532
v 0.376788 0.197660 0.027178
v 0.379259 0.375553 0.027178
v 0.371847 0.368141 0.039532
v 0.369376 0.202601 0.039532
v -0.144538 0.197660 -0.027178
v -0.107477 0.197660 -0.027178
v 0.890702 0.229778 0.039532
v 0.804227 0.227308 0.027178
v 0.804227 0.227308 -0.027178
v 0.804227 0.214955 0.027178
v -0.658452 0.249546 -0.032120
v -0.683159 0.274253 -0.032120
v -0.779518 0.375553 0.044473
v -0.791873 0.380494 0.037061
v 0.903056 0.261899 0.027178
v -0.823993 0.298960 -0.037061
v -0.828934 0.291548 -0.037061
v 0.697984 0.326138 -0.027178
v 0.697984 0.326138 0.027178
v 0.700456 0.303901 0.027178
v 0.700456 0.303901 -0.027178
v -0.670806 0.462028 0.032120
v -0.673277 0.457087 0.037061
v -0.539857 0.368141 -0.039532
v -0.522561 0.360728 -0.039532
v -0.779518 0.244603 -0.034591
v -0.791873 0.222367 -0.032120
v -0.821522 0.303901 -0.027178
v -0.821522 0.303901 0.027178
v -0.584331 0.382965 -0.037061
v -0.596684 0.400260 -0.037061
v -0.569506 0.382965 -0.037061
v 0.058062 0.229778 0.039532
v 0.060533 0.244603 0.039532
v 0.048179 0.249546 0.039532
v -0.804227 0.447205 0.037061
v -0.833875 0.437321 0.037061
v -0.616450 0.501560 -0.039532
v -0.604096 0.504031 -0.039532
v -0.601625 0.499090 -0.039532
v -0.613979 0.496619 -0.032120
v 0.673277 0.291548 -0.039532
v 0.678218 0.296489 -0.039532
v 0.690572 0.289078 -0.039532
v 0.851170 0.286606 0.027178
v 0.836346 0.281665 0.027178
v 0.179129 0.202601 0.039532
v -0.618920 0.508973 -0.032120
v -0.646099 0.501560 -0.032120
v -0.670806 0.108712 -0.027178
v -0.668336 0.160598 -0.032120
v -0.663395 0.108712 -0.032120
v -0.722691 0.294019 0.037061
v -0.742458 0.301430 0.037061
v -0.742458 0.291548 0.037061
v -0.799284 0.296489 0.027178
v -0.591743 0.360728 -0.037061
v -0.616450 0.338492 -0.037061
v -0.040767 0.373082 -0.039532
v 0.922822 0.202601 0.027178
v 0.915409 0.202601 0.027178
v 0.925293 0.200130 0.039532
v 0.786931 0.244603 0.034591
v 0.801756 0.247074 0.039532
v 0.781990 0.244603 0.027178
v 0.853641 0.276723 -0.039532
v 0.851170 0.281665 -0.039532
v 0.863525 0.281665 -0.039532
v 0.863525 0.276723 -0.039532
v 0.147010 0.234721 -0.039532
v 0.156892 0.242133 -0.039532
v 0.181599 0.214955 -0.039532
v -0.006176 0.380494 0.027178
v 0.018531 0.380494 0.027178
v 0.018531 0.380494 -0.027178
v -0.006176 0.380494 -0.027178
v -0.875877 0.392848 0.027178
v -0.856112 0.412614 0.027178
v -0.856112 0.412614 -0.027178
v -0.875877 0.392848 -0.027178
v 0.861054 0.202601 0.027178
v 0.863525 0.200130 0.039532
v 0.865995 0.187776 0.027178
v 0.873407 0.197660 0.039532
v 0.863525 0.192718 0.039532
v 0.339727 0.412614 0.027178
v 0.339727 0.434851 0.027178
v 0.339727 0.434851 -0.027178
v 0.339727 0.412614 -0.027178
v -0.109949 0.412614 0.039532
v 0.690572 0.294019 -0.039532
v 0.700456 0.294019 -0.027178
v 0.700456 0.284135 -0.027178
v 0.189012 0.301430 -0.027178
v 0.189012 0.301430 0.027178
v 0.441027 0.378024 -0.039532
v 0.470676 0.378024 -0.039532
v 0.470676 0.365669 -0.039532
v 0.181599 0.338492 0.039532
v 0.169246 0.333551 0.039532
v 0.169246 0.301430 0.039532
v 0.181599 0.301430 0.039532
v -0.643627 0.494149 -0.039532
v -0.641157 0.489207 -0.032120
v 0.814109 0.212484 -0.039532
v 0.806697 0.200130 -0.039532
v 0.411379 0.358258 0.027178
v 0.406438 0.363199 -0.027178
v 0.411379 0.358258 -0.027178
v 0.762224 0.195189 0.027178
v 0.589272 0.338492 -0.027178
v 0.584331 0.345903 -0.039532
v 0.604097 0.353316 -0.039532
v 0.606567 0.343433 -0.027178
v 0.819498 0.229525 0.027178
v 0.816580 0.229778 0.039532
v -0.705397 0.313785 -0.027178
v 0.811638 0.252016 0.039532
v 0.811638 0.266840 0.039532
v 0.804227 0.264369 0.039532
v 0.806697 0.252016 0.039532
v -0.722691 0.294019 -0.037061
v -0.722691 0.281665 -0.037061
v 0.497854 0.373082 -0.039532
v 0.507738 0.378024 -0.027178
v 0.507738 0.363199 -0.027178
v 0.497854 0.368141 -0.039532
v -0.584331 0.128478 -0.027178
v -0.562093 0.182835 -0.034591
v 0.342197 0.202601 0.039532
v 0.337256 0.197660 0.027178
v -0.043238 0.202601 -0.027178
v -0.048179 0.217426 -0.027178
v -0.040767 0.217426 -0.039532
v -0.035826 0.207542 -0.039532
v 0.695513 0.276723 0.027178
v 0.688102 0.274253 0.027178
v -0.861054 0.508973 -0.032120
v -0.831404 0.504031 -0.032120
v -0.861054 0.501560 -0.039532
v 0.609038 0.195189 -0.039532
v -0.727634 0.469441 0.032120
v -0.705397 0.469441 0.032120
v -0.727634 0.469441 -0.032120
v -0.873407 0.370612 -0.027178
v -0.873407 0.370612 0.027178
v -0.870936 0.353316 0.027178
v -0.932705 0.437321 0.039532
v -0.927763 0.405201 0.039532
v -0.611509 0.333551 0.032120
v -0.643627 0.318726 0.037061
v -0.641157 0.313785 0.032120
v 0.663395 0.229778 0.039532
v 0.658452 0.237191 0.027178
v 0.349610 0.412614 0.039532
v 0.347140 0.407673 0.027178
v 0.478088 0.449676 0.027178
v 0.455852 0.439792 0.027178
v 0.478088 0.358258 -0.027178
v 0.492913 0.365669 -0.039532
v 0.500325 0.358258 -0.027178
v 0.838816 0.264369 -0.039532
v 0.841288 0.261899 -0.027178
v 0.836346 0.252016 -0.039532
v 0.090183 0.338492 -0.027178
v 0.077828 0.328609 -0.027178
v 0.102536 0.343433 -0.027178
v 0.100065 0.350846 -0.039532
v 0.045708 0.321196 0.034591
v 0.048179 0.328609 0.034591
v 0.043238 0.331080 0.027178
v 0.040767 0.321196 0.027178
v -0.774577 0.410144 -0.027178
v -0.715279 0.323667 0.044473
v -0.725163 0.316255 0.044473
v 0.915409 0.200130 -0.039532
v 0.915409 0.192718 -0.039532
v 0.925293 0.192718 0.039532
v 0.937647 0.200130 0.039532
v 0.932705 0.205071 0.039532
v 0.833875 0.195189 -0.027178
v 0.347140 0.439792 -0.027178
v 0.376788 0.439792 -0.027178
v -0.791873 0.222367 0.032120
v -0.695513 0.336021 0.037061
v 0.893173 0.212484 0.039532
v 0.885761 0.229778 0.027178
v 0.888232 0.210014 0.027178
v -0.774577 0.462028 -0.027178
v -0.739987 0.464499 -0.037061
v -0.739987 0.454617 -0.037061
v 0.816580 0.239662 0.027178
v 0.811638 0.239662 0.039532
v -0.806697 0.457087 -0.027178
v 0.596684 0.375553 0.027178
v 0.596684 0.375553 -0.027178
v 0.574447 0.368141 -0.027178
v 0.574447 0.368141 0.027178
v -0.075358 0.345903 -0.027178
v -0.055592 0.345903 -0.027178
v 0.567036 0.316255 0.027178
v 0.576918 0.328609 0.027178
v 0.569506 0.336021 0.039532
v 0.559623 0.318726 0.039532
v 0.001235 0.222367 -0.039532
v 0.680689 0.247074 -0.034591
v 0.688102 0.244603 -0.034591
v 0.685631 0.237191 -0.039532
v 0.937647 0.214955 0.039532
v 0.937647 0.229778 0.039532
v 0.935175 0.229778 0.027178
v 0.932705 0.214955 0.027178
v -0.670806 0.296489 0.032120
v -0.673277 0.301430 0.037061
v -0.702926 0.289078 0.037061
v -0.702926 0.284135 0.032120
v -0.690572 0.358258 0.037061
v -0.700455 0.358258 0.044473
v -0.705397 0.338492 0.044473
v 0.337256 0.375553 0.027178
v 0.342197 0.368141 0.039532
v 0.599154 0.368141 -0.039532
v 0.579388 0.360728 -0.039532
v 0.621392 0.378024 -0.027178
v 0.621392 0.378024 0.027178
v 0.470676 0.407673 0.039532
v 0.470676 0.378024 0.039532
v 0.040767 0.252016 0.027178
v 0.873407 0.279194 0.027178
v 0.865995 0.286606 0.027178
v 0.759752 0.271782 -0.034591
v 0.757282 0.271782 -0.027178
v -0.905527 0.281665 -0.039532
v -0.885761 0.281665 -0.039532
v 0.700456 0.294019 0.027178
v 0.700456 0.284135 0.027178
v 0.779520 0.202601 -0.027178
v 0.907998 0.269310 0.027178
v 0.915409 0.271782 0.027178
v 0.915409 0.276723 0.039532
v 0.905527 0.271782 0.039532
v 0.673277 0.219896 -0.039532
v 0.678218 0.214955 -0.027178
v -0.048179 0.232250 0.027178
v -0.048179 0.343433 0.027178
v -0.048179 0.343433 -0.027178
v -0.048179 0.232250 -0.027178
v -0.893173 0.373082 -0.027178
v -0.888232 0.370612 -0.037061
v 0.678218 0.214955 0.027178
v 0.567036 0.242133 -0.027178
v 0.567036 0.242133 0.027178
v 0.576918 0.229778 0.027178
v 0.576918 0.229778 -0.027178
v 0.060533 0.244603 -0.039532
v 0.070417 0.229778 -0.027178
v 0.058062 0.229778 -0.039532
v 0.589272 0.212484 0.039532
v 0.584331 0.200130 0.039532
v -0.806697 0.457087 0.027178
v -0.695513 0.336021 -0.037061
v 0.809168 0.229778 0.039532
v 0.804227 0.234721 0.039532
v 0.142067 0.279194 0.027178
v 0.149480 0.276723 0.027178
v 0.907998 0.207542 -0.027178
v 0.915409 0.202601 -0.027178
v 0.907998 0.269310 -0.027178
v -0.586802 0.355787 -0.032120
v -0.586802 0.355787 0.032120
v -0.856112 0.301430 0.027178
v -0.856112 0.301430 -0.027178
v 0.149480 0.326138 0.027178
v 0.149480 0.326138 -0.027178
v 0.149480 0.308842 -0.027178
v 0.384201 0.434851 -0.027178
v 0.376788 0.429910 -0.039532
v -0.707868 0.447205 0.027178
v 0.063004 0.340962 0.039532
v 0.055592 0.345903 0.034591
v 0.500325 0.442263 0.039532
v -0.040767 0.348374 0.039532
v 0.092653 0.375553 0.027178
v 0.092653 0.375553 -0.027178
v 0.070417 0.365669 -0.027178
v 0.070417 0.365669 0.027178
v -0.653511 0.331080 -0.027178
v -0.651040 0.328609 -0.037061
v 0.043238 0.210014 -0.027178
v 0.048179 0.212484 -0.039532
v 0.060533 0.202601 -0.039532
v 0.149480 0.247074 -0.027178
v 0.142067 0.239662 -0.027178
v -0.055592 0.368141 0.039532
v -0.067945 0.368141 0.039532
v 0.777048 0.281665 0.039532
v 0.779520 0.274253 0.039532
v 0.688102 0.323667 0.039532
v 0.673277 0.318726 0.039532
v -0.139597 0.202601 -0.039532
v -0.112419 0.202601 -0.039532
v -0.025942 0.219896 -0.039532
v -0.016060 0.229778 -0.039532
v -0.016060 0.222367 -0.039532
v -0.006176 0.424967 0.027178
v -0.013589 0.417555 0.039532
v 0.478088 0.449676 -0.027178
v 0.433615 0.385435 0.027178
v 0.441027 0.378024 0.039532
v 0.569506 0.336021 -0.039532
v 0.559623 0.345903 -0.039532
v -0.772107 0.417555 -0.037061
v -0.784461 0.422497 -0.037061
v 0.673277 0.318726 -0.039532
v -0.134656 0.412614 -0.039532
v -0.109949 0.412614 -0.039532
v -0.744929 0.256957 0.027178
v -0.804227 0.172953 0.027178
v -0.804227 0.172953 -0.027178
v 0.100065 0.195189 -0.039532
v 0.678218 0.301430 -0.039532
v 0.690572 0.303901 -0.039532
v -0.695513 0.261899 -0.039532
v -0.801755 0.197660 -0.027178
v -0.799284 0.197660 -0.032120
v 0.559623 0.237191 0.039532
v 0.571977 0.222367 0.039532
v 0.925293 0.284135 -0.039532
v 0.937647 0.261899 0.039532
v 0.932705 0.271782 0.039532
v -0.048179 0.217426 0.027178
v 0.181599 0.214955 0.039532
v 0.171717 0.222367 0.039532
v 0.169246 0.205071 0.039532
v -0.831404 0.286606 -0.027178
v -0.853641 0.306372 -0.037061
v 0.070417 0.224837 -0.027178
v 0.060533 0.219896 -0.039532
v 0.455852 0.439792 -0.027178
v -0.838816 0.071651 0.027178
v -0.843759 0.066710 0.027178
v -0.799284 0.019766 0.017295
v -0.796814 0.024707 0.017295
v 0.870936 0.205071 0.039532
v -0.769636 0.000000 0.009882
v -0.769636 0.000000 -0.009882
v -0.006176 0.232250 0.027178
v -0.801755 0.358258 0.027178
v -0.796814 0.382965 0.027178
v -0.796814 0.382965 -0.027178
v 0.903056 0.214955 -0.027178
v 0.379259 0.375553 -0.027178
v 0.337256 0.375553 -0.027178
v -0.794343 0.333551 0.027178
v 0.552211 0.350846 0.027178
v 0.552211 0.350846 -0.027178
v 0.142067 0.286606 0.039532
v 0.122301 0.284135 0.039532
v 0.122301 0.276723 0.027178
v 0.149480 0.214955 -0.027178
v 0.520091 0.432380 0.027178
v 0.510208 0.434851 0.039532
v 0.621392 0.370612 0.039532
v 0.100065 0.195189 0.039532
v 0.119831 0.202601 0.039532
v 0.441027 0.365669 0.039532
v 0.470676 0.365669 0.039532
v 0.492913 0.378024 -0.039532
v 0.500325 0.385435 -0.027178
v -0.033355 0.195189 0.027178
v -0.030885 0.202601 0.039532
v -0.035826 0.207542 0.039532
v -0.043238 0.202601 0.027178
v 0.040767 0.321196 -0.027178
v 0.045708 0.321196 -0.034591
v 0.045708 0.313785 -0.027178
v -0.727634 0.256957 -0.032120
v 0.114890 0.378024 -0.027178
v 0.114890 0.378024 0.027178
v 0.418790 0.365669 0.039532
v -0.858582 0.424967 0.032120
v 0.846229 0.234721 -0.027178
v 0.856112 0.237191 -0.027178
v -0.811638 0.420026 -0.037061
v -0.796814 0.422497 -0.037061
v 0.070417 0.229778 0.027178
v 0.070417 0.224837 0.027178
v 0.863525 0.271782 0.027178
v -0.945059 0.469441 0.039532
v 0.186542 0.214955 -0.039532
v 0.191483 0.202601 -0.039532
v 0.838816 0.214955 0.027178
v 0.838816 0.227308 0.027178
v 0.833875 0.229778 0.039532
v 0.833875 0.214955 0.039532
v 0.557152 0.205071 0.027178
v 0.090183 0.264369 0.027178
v 0.105006 0.271782 0.027178
v 0.102536 0.281665 0.039532
v 0.552211 0.254487 0.039532
v 0.534915 0.276723 0.039532
v -0.705397 0.474383 -0.032120
v -0.673277 0.479324 -0.032120
v -0.705397 0.474383 0.032120
v -0.878348 0.370612 -0.037061
v -0.861054 0.382965 -0.027178
v 0.801756 0.205071 0.039532
v 0.791873 0.200130 0.039532
v 0.552211 0.298960 0.039532
v 0.198895 0.214955 0.039532
v 0.189012 0.219896 0.039532
v 0.186542 0.214955 0.039532
v -0.040767 0.232250 0.039532
v -0.040767 0.217426 0.039532
v -0.905527 0.506502 0.039532
v -0.880819 0.508973 0.039532
v -0.880819 0.508973 -0.039532
v -0.905527 0.506502 -0.039532
v -0.658452 0.160598 0.039532
v -0.668336 0.160598 0.032120
v 0.075358 0.222367 0.027178
v 0.060533 0.219896 0.039532
v 0.067946 0.212484 0.039532
v 0.599154 0.368141 0.039532
v -0.107477 0.439792 0.027178
v -0.109949 0.434851 0.039532
v -0.833875 0.420026 -0.037061
v -0.814109 0.427438 -0.037061
v -0.831404 0.412614 -0.037061
v 0.950000 0.229778 -0.027178
v 0.947529 0.210014 -0.027178
v -0.930234 0.494149 0.039532
v -0.025942 0.358258 0.039532
v -0.025942 0.229778 0.039532
v -0.016060 0.229778 0.039532
v -0.552211 0.281665 0.039532
v 0.673277 0.219896 0.039532
v 0.685631 0.237191 0.039532
v 0.759752 0.214955 0.027178
v 0.759752 0.214955 -0.027178
v 0.754811 0.207542 -0.027178
v 0.754811 0.207542 0.027178
v -0.781990 0.432380 0.027178
v 0.688102 0.323667 -0.039532
v -0.013589 0.195189 -0.027178
v -0.013589 0.202601 -0.039532
v -0.003706 0.205071 -0.039532
v -0.001235 0.200130 -0.027178
v 0.562093 0.210014 0.039532
v 0.762224 0.264369 -0.027178
v 0.762224 0.264369 0.027178
v -0.646099 0.212484 0.032120
v -0.670806 0.296489 -0.032120
v -0.702926 0.284135 -0.032120
v -0.025942 0.373082 0.039532
v 0.870936 0.205071 -0.039532
v 0.873407 0.197660 -0.039532
v -0.006176 0.348374 0.027178
v 0.559623 0.318726 -0.039532
v 0.567036 0.316255 -0.027178
v 0.552211 0.298960 -0.039532
v -0.618920 0.420026 -0.037061
v 0.865995 0.239662 -0.027178
v 0.142067 0.239662 0.027178
v 0.127243 0.232250 -0.027178
v 0.127243 0.232250 0.027178
v -0.651040 0.328609 0.037061
v 0.851170 0.286606 -0.027178
v 0.838816 0.276723 -0.039532
v 0.836346 0.281665 -0.027178
v 0.441027 0.202601 0.039532
v 0.463265 0.202601 0.039532
v -0.814109 0.427438 0.037061
v -0.833875 0.420026 0.037061
v 0.841288 0.232250 -0.027178
v 0.841288 0.232250 0.027178
v -0.216190 0.429910 -0.039532
v -0.221131 0.437321 -0.027178
v -0.184070 0.429910 -0.039532
v 0.132185 0.224837 0.039532
v 0.156892 0.328609 0.039532
v -0.870936 0.128478 0.032120
v 0.507738 0.363199 0.027178
v 0.500325 0.358258 0.027178
v 0.070417 0.259428 -0.039532
v 0.927763 0.289078 -0.027178
v 0.912939 0.289078 -0.027178
v 0.940118 0.281665 0.027178
v 0.250781 0.429910 -0.039532
v 0.245838 0.437321 -0.027178
v 0.287842 0.437321 -0.027178
v 0.282899 0.429910 -0.039532
v 0.468206 0.197660 -0.027178
v 0.478088 0.358258 0.027178
v 0.468206 0.197660 0.027178
v 0.831404 0.266840 -0.039532
v 0.828934 0.266840 -0.027178
v 0.448440 0.417555 0.039532
v -0.003706 0.205071 0.039532
v -0.013589 0.202601 0.039532
v -0.013589 0.195189 0.027178
v -0.001235 0.200130 0.027178
v -0.297724 0.254487 0.027178
v -0.305136 0.254487 0.027178
v -0.510208 0.469441 -0.039532
v -0.527504 0.494149 -0.039532
v -0.510208 0.469441 0.039532
v -0.641157 0.313785 -0.032120
v -0.527504 0.464499 -0.039532
v -0.621391 0.415085 -0.027178
v -0.601625 0.397790 -0.027178
v 0.080299 0.210014 -0.039532
v 0.082770 0.219896 -0.027178
v 0.441027 0.422497 0.027178
v 0.181599 0.284135 -0.039532
v 0.525033 0.276723 0.027178
v 0.507738 0.378024 0.027178
v 0.497854 0.373082 0.039532
v 0.497854 0.368141 0.039532
v 0.947529 0.266840 0.027178
v 0.673277 0.291548 0.039532
v 0.688102 0.284135 0.039532
v 0.690572 0.289078 0.039532
v -0.791873 0.380494 -0.037061
v -0.779518 0.375553 -0.044473
v -0.784461 0.358258 -0.044473
v -0.137126 0.439792 0.027178
v -0.134656 0.434851 0.039532
v 0.090183 0.338492 0.027178
v 0.102536 0.343433 0.027178
v 0.100065 0.350846 0.039532
v 0.085240 0.343433 0.039532
v 0.137126 0.340962 0.027178
v 0.665865 0.298960 0.027178
v -0.527504 0.464499 0.039532
v 0.077828 0.328609 0.027178
v 0.072887 0.333551 0.039532
v 0.559623 0.345903 0.039532
v 0.579388 0.360728 0.039532
v -0.917880 0.484265 0.039532
v -0.930234 0.464499 0.039532
v 0.947529 0.210014 0.027178
v 0.804227 0.234721 -0.039532
v 0.809168 0.229778 -0.039532
v -0.616450 0.074123 0.017295
v -0.853641 0.407673 0.037061
v -0.025942 0.424967 0.027178
v -0.025942 0.417555 0.039532
v -0.932705 0.360728 0.039532
v -0.932705 0.360728 -0.039532
v -0.030885 0.202601 -0.039532
v -0.023472 0.214955 -0.039532
v -0.016060 0.214955 -0.039532
v 0.769636 0.266840 -0.027178
v 0.376788 0.417555 -0.039532
v 0.384201 0.412614 -0.027178
v 0.376788 0.407673 -0.027178
v -0.804227 0.276723 -0.027178
v -0.801755 0.496619 -0.032120
v -0.705397 0.375553 0.044473
v -0.693043 0.380494 0.037061
v -0.569506 0.281665 0.039532
v -0.564564 0.234721 0.037061
v -0.552211 0.234721 0.037061
v 0.769636 0.207542 -0.027178
v 0.142067 0.298960 -0.039532
v 0.156892 0.301430 -0.039532
v 0.836346 0.200130 -0.039532
v 0.930234 0.207542 -0.027178
v 0.930234 0.207542 0.027178
v 0.075358 0.222367 -0.027178
v 0.082770 0.219896 0.027178
v -0.747400 0.296489 0.027178
v -0.759752 0.301430 0.027178
v -0.759752 0.301430 -0.027178
v -0.747400 0.296489 -0.027178
v -0.290313 0.205071 -0.039532
v -0.285370 0.197660 -0.027178
v 0.245838 0.437321 0.027178
v 0.480559 0.442263 -0.039532
v -0.739987 0.464499 0.037061
v 0.487972 0.427438 -0.039532
v 0.492913 0.365669 0.039532
v -0.675748 0.444733 0.037061
v -0.705397 0.462028 0.037061
v -0.707868 0.452146 0.037061
v -0.611509 0.333551 -0.032120
v 0.794343 0.192718 -0.039532
v 0.169246 0.284135 -0.039532
v 0.693043 0.234721 0.027178
v 0.693043 0.234721 -0.027178
v -0.781990 0.405201 -0.027178
v 0.463265 0.202601 -0.039532
v 0.067946 0.212484 -0.039532
v -0.048179 0.378024 0.027178
v -0.048179 0.424967 0.027178
v -0.048179 0.378024 -0.027178
v -0.870936 0.128478 -0.032120
v 0.154422 0.210014 -0.027178
v 0.564565 0.291548 0.039532
v 0.680689 0.281665 0.039532
v -0.739987 0.449676 -0.027178
v 0.870936 0.271782 0.027178
v -0.915409 0.368141 -0.039532
v -0.055592 0.375553 -0.027178
v -0.777048 0.274253 0.027178
v -0.900586 0.494149 -0.039532
v 0.937647 0.200130 -0.039532
v 0.932705 0.205071 -0.039532
v 0.925293 0.276723 0.039532
v -0.576918 0.518856 0.027178
v 0.870936 0.279194 -0.034591
v 0.868466 0.274253 -0.034591
v -0.008647 0.227308 0.039532
v -0.001235 0.227308 0.039532
v -0.927763 0.405201 -0.039532
v -0.915409 0.368141 0.039532
v 0.416320 0.368141 -0.039532
v 0.418790 0.365669 -0.039532
v -0.861054 0.508973 0.032120
v 0.077828 0.284135 -0.039532
v 0.060533 0.269310 -0.039532
v 0.685631 0.348374 -0.027178
v 0.011119 0.373082 -0.039532
v 0.023472 0.373082 -0.027178
v 0.016060 0.368141 -0.039532
v -0.885761 0.348374 -0.037061
v -0.873407 0.326138 -0.037061
v -0.688102 0.382965 0.027178
v 0.122301 0.276723 -0.027178
v 0.371847 0.434851 0.039532
v 0.349610 0.434851 0.039532
v -0.784461 0.422497 0.037061
v -0.796814 0.422497 0.037061
v 0.097594 0.294019 -0.039532
v 0.095124 0.301430 -0.027178
v 0.119831 0.306372 -0.027178
v 0.119831 0.298960 -0.039532
v -0.216190 0.429910 0.039532
v -0.221131 0.437321 0.027178
v 0.043238 0.331080 -0.027178
v 0.048179 0.328609 -0.034591
v 0.604097 0.353316 0.039532
v 0.606567 0.343433 0.027178
v -0.591743 0.382965 -0.027178
v 0.144538 0.336021 0.027178
v 0.826463 0.239662 -0.027178
v 0.038297 0.229778 -0.027178
v 0.045708 0.229778 -0.039532
v 0.544799 0.326138 -0.039532
v 0.537386 0.301430 -0.039532
v -0.757282 0.306372 -0.037061
v 0.764695 0.266840 -0.034591
v 0.843759 0.271782 -0.039532
v -0.613979 0.496619 0.032120
v 0.287842 0.437321 0.027178
v -0.075358 0.375553 0.027178
v 0.122301 0.284135 -0.039532
v 0.500325 0.385435 0.027178
v -0.055592 0.375553 0.027178
v -0.040767 0.373082 0.039532
v 0.950000 0.252016 -0.027178
v -0.643627 0.318726 -0.037061
v 0.147010 0.234721 0.039532
v 0.831404 0.252016 -0.039532
v 0.826463 0.252016 -0.027178
v -0.861054 0.382965 0.027178
v 0.873407 0.210014 -0.034591
v 0.875877 0.205071 -0.034591
v -0.722691 0.281665 0.037061
v -0.539857 0.484265 -0.039532
v -0.006176 0.348374 -0.027178
v 0.796814 0.269310 0.027178
v 0.796814 0.269310 -0.027178
v -0.651298 0.029901 -0.012295
v -0.616450 0.074123 -0.017295
v -0.650479 0.028956 -0.010069
v -0.604096 0.370612 0.027178
v -0.742458 0.427438 -0.027178
v 0.376788 0.197660 -0.027178
v -0.722691 0.269310 -0.039532
v 0.757282 0.207542 -0.034591
v 0.759752 0.212484 -0.034591
v 0.767165 0.205071 -0.039532
v -0.722691 0.303901 -0.037061
v -0.707868 0.316255 -0.037061
v -0.008647 0.222367 0.039532
v 0.567036 0.274253 -0.027178
v 0.156892 0.328609 -0.039532
v -0.075358 0.375553 -0.027178
v -0.796814 0.429910 -0.037061
v -0.715279 0.323667 -0.044473
v -0.705397 0.338492 -0.044473
v 0.127243 0.365669 0.039532
v 0.129714 0.375553 0.039532
v 0.114890 0.373082 0.034591
v 0.114890 0.365669 0.039532
v 0.189012 0.219896 -0.039532
v 0.001235 0.212484 -0.039532
v 0.006176 0.210014 -0.027178
v -0.705397 0.400260 -0.037061
v -0.720221 0.412614 -0.037061
v -0.717750 0.420026 -0.027178
v -0.700455 0.405201 -0.027178
v -0.006176 0.424967 -0.027178
v 0.865995 0.286606 -0.027178
v 0.873407 0.279194 -0.027178
v -0.033355 0.195189 -0.027178
v -0.569506 0.185305 -0.034591
v -0.900586 0.494149 0.039532
v 0.055592 0.345903 -0.034591
v 0.942588 0.212484 0.039532
v -0.660923 0.210014 0.039532
v 0.648570 0.217426 0.039532
v 0.643629 0.227308 0.027178
v 0.371847 0.368141 -0.039532
v 0.369376 0.202601 -0.039532
v -0.648570 0.160598 0.032120
v 0.789402 0.271782 0.027178
v 0.460793 0.432380 -0.039532
v -0.653511 0.331080 0.027178
v -0.626333 0.350846 0.027178
v 0.151951 0.370612 0.039532
v 0.147010 0.360728 0.039532
v 0.161833 0.348374 0.039532
v 0.171717 0.355787 0.039532
v -0.848700 0.400260 0.037061
v -0.025942 0.219896 0.039532
v -0.651632 0.029830 0.010462
v 0.779520 0.200130 -0.039532
v 0.149480 0.340962 0.039532
v 0.665865 0.298960 -0.027178
v -0.742458 0.313785 0.044473
v 0.806697 0.214955 0.039532
v 0.868466 0.247074 -0.034591
v 0.870936 0.247074 -0.027178
v 0.137126 0.212484 0.039532
v 0.080299 0.210014 0.039532
v -0.184070 0.429910 0.039532
v 0.282899 0.197660 -0.027178
v 0.277958 0.202601 -0.039532
v 0.124772 0.353316 0.039532
v 0.114890 0.353316 0.039532
v 0.552211 0.254487 -0.039532
v 0.562093 0.256957 -0.027178
v 0.559623 0.237191 -0.039532
v -0.754811 0.316255 0.044473
v -0.757282 0.306372 0.037061
v 0.053121 0.348374 -0.027178
v 0.940118 0.195189 -0.027178
v 0.927763 0.187776 -0.027178
v 0.925293 0.192718 -0.039532
v -0.322431 0.197660 0.027178
v -0.285370 0.197660 0.027178
v 0.870936 0.271782 -0.027178
v 0.925293 0.200130 -0.039532
v 0.922822 0.202601 -0.027178
v 0.097594 0.294019 0.039532
v 0.095124 0.301430 0.027178
v 0.072887 0.291548 0.027178
v 0.841288 0.205071 -0.039532
v -0.680689 0.316255 0.027178
v -0.680689 0.316255 -0.027178
v 0.564565 0.291548 -0.039532
v 0.905527 0.271782 -0.039532
v -0.875877 0.350846 0.037061
v 0.779520 0.271782 0.027178
v 0.843759 0.207542 -0.027178
v -0.742458 0.427438 0.027178
v -0.717750 0.420026 0.027178
v 0.870936 0.247074 0.027178
v -0.774577 0.462028 0.027178
v 0.769636 0.266840 0.027178
v -0.774577 0.279194 0.037061
v -0.774577 0.494149 0.027178
v -0.749870 0.494149 0.019766
v -0.749870 0.494149 -0.019766
v -0.774577 0.494149 -0.027178
v 0.492913 0.378024 0.039532
v -0.700455 0.405201 0.027178
v -0.811638 0.420026 0.037061
v -0.831404 0.412614 0.037061
v 0.114890 0.373082 -0.034591
v 0.129714 0.375553 -0.039532
v -0.893173 0.373082 0.027178
v 0.376788 0.439792 0.027178
v 0.384201 0.434851 0.027178
v 0.164304 0.200130 0.027178
v 0.937647 0.276723 0.039532
v 0.942588 0.264369 0.039532
v -0.754811 0.316255 -0.044473
v -0.742458 0.313785 -0.044473
v -0.742458 0.301430 -0.037061
v 0.846229 0.234721 0.027178
v 0.843759 0.239662 0.039532
v 0.838816 0.234721 0.039532
v 0.070417 0.318726 0.027178
v 0.139597 0.348374 0.039532
v 0.915409 0.284135 -0.039532
v -0.779518 0.340962 -0.044473
v 0.777048 0.286606 0.027178
v -0.833875 0.437321 -0.037061
v -0.201365 0.392848 -0.027178
v -0.201365 0.392848 0.027178
v -0.767165 0.326138 -0.044473
v -0.779518 0.313785 0.027178
v -0.705397 0.298960 0.037061
v 0.342197 0.368141 -0.039532
v 0.072887 0.291548 -0.027178
v 0.347140 0.439792 0.027178
v 0.796814 0.239662 -0.039532
v 0.591743 0.222367 0.027178
v 0.547270 0.229778 -0.039532
v -0.364434 0.429910 -0.039532
v -0.011118 0.219896 -0.039532
v -0.040767 0.417555 0.039532
v 0.856112 0.237191 0.027178
v 0.865995 0.239662 0.027178
v 0.060533 0.313785 -0.027178
v -0.678218 0.311314 0.037061
v -0.772107 0.417555 0.037061
v -0.769636 0.424967 0.032120
v -0.781990 0.429910 0.032120
v 0.549740 0.276723 -0.039532
v -0.013589 0.417555 -0.039532
v -0.796814 0.429910 0.037061
v -0.569506 0.382965 0.037061
v 0.344669 0.417555 0.039532
v 0.344669 0.429910 0.039532
v 0.801756 0.247074 -0.039532
v 0.927763 0.187776 0.027178
v 0.053121 0.274253 -0.027178
v 0.053121 0.274253 0.027178
v 0.564565 0.281665 -0.039532
v 0.819051 0.210014 -0.027178
v 0.584331 0.345903 0.039532
v 0.589272 0.338492 0.027178
v 0.537386 0.301430 0.039532
v -0.364434 0.429910 0.039532
v -0.774577 0.486737 -0.027178
v -0.774577 0.486737 0.027178
v -0.804227 0.486737 0.032120
v 0.441027 0.422497 -0.027178
v 0.433615 0.385435 -0.027178
v 0.149480 0.247074 0.027178
v -0.762223 0.424967 0.027178
v 0.189012 0.340962 0.027178
v -0.801755 0.197660 0.027178
v -0.799284 0.197660 0.032120
v 0.053121 0.348374 0.027178
v 0.406438 0.378024 -0.027178
v 0.416320 0.373082 -0.039532
v -0.191483 0.415085 -0.039532
v -0.206306 0.397790 -0.039532
v 0.048179 0.249546 -0.039532
v 0.040767 0.252016 -0.027178
v 0.411379 0.385435 -0.027178
v -0.139597 0.429910 0.039532
v -0.144538 0.434851 0.027178
v 0.448440 0.417555 -0.039532
v 0.475618 0.420026 -0.039532
v 0.470676 0.407673 -0.039532
v -0.675748 0.207542 0.032120
v -0.853641 0.306372 0.037061
v -0.883290 0.407673 -0.027178
v -0.883290 0.407673 0.027178
v 0.655982 0.205071 0.039532
v 0.865995 0.252016 0.034591
v -0.932705 0.437321 -0.039532
v 0.688102 0.244603 0.034591
v 0.250781 0.202601 -0.039532
v 0.865995 0.252016 -0.034591
v -0.391613 0.429910 0.039532
v 0.863525 0.271782 -0.027178
v -0.757282 0.296489 -0.027178
v -0.016060 0.214955 0.039532
v -0.023472 0.214955 0.039532
v -0.774577 0.491678 -0.032120
v -0.016060 0.222367 0.039532
v -0.675748 0.061769 -0.022237
v 0.342197 0.202601 -0.039532
v 0.077828 0.195189 0.039532
v -0.008647 0.222367 -0.039532
v 0.940118 0.195189 0.027178
v 0.559623 0.271782 -0.027178
v 0.418790 0.378024 -0.039532
v -0.799284 0.296489 -0.027178
v -0.774577 0.294019 -0.027178
v 0.023472 0.373082 0.027178
v 0.016060 0.368141 0.039532
v 0.070417 0.318726 -0.027178
v -0.646099 0.434851 0.037061
v -0.707868 0.481794 0.032120
v -0.678218 0.491678 0.032120
v -0.678218 0.491678 -0.032120
v -0.707868 0.481794 -0.032120
v 0.347140 0.407673 -0.027178
v 0.868466 0.247074 0.034591
v 0.562093 0.256957 0.027178
v 0.344669 0.429910 -0.039532
v -0.858582 0.424967 -0.032120
v -0.774577 0.318726 0.037061
v -0.675748 0.484265 -0.039532
v 0.571977 0.222367 -0.039532
v 0.184070 0.222367 0.039532
v 0.169246 0.232250 0.039532
v 0.245838 0.197660 -0.027178
v -0.767165 0.326138 0.044473
v -0.774577 0.491678 0.032120
v -0.707868 0.476853 -0.037061
v 0.100065 0.187776 0.027178
v 0.100065 0.187776 -0.027178
v 0.119831 0.306372 0.027178
v 0.119831 0.298960 0.039532
v 0.156892 0.284135 0.039532
v -0.139597 0.417555 -0.039532
v 0.077828 0.195189 -0.039532
v -0.191483 0.415085 0.039532
v 0.576918 0.328609 -0.027178
v 0.544799 0.326138 0.039532
v 0.142067 0.306372 -0.027178
v 0.337256 0.197660 -0.027178
v 0.376788 0.429910 0.039532
v 0.156892 0.242133 0.039532
v 0.937647 0.252016 0.039532
v -0.705397 0.375553 -0.044473
v -0.715279 0.390378 -0.044473
v 0.344669 0.417555 -0.039532
v -0.861054 0.501560 0.039532
v 0.169246 0.284135 0.039532
v -0.727634 0.474383 0.032120
v -0.727634 0.474383 -0.032120
v -0.707868 0.476853 0.037061
v -0.651040 0.029649 -0.009882
v -0.767165 0.390378 0.044473
v -0.725163 0.316255 -0.044473
v -0.011118 0.219896 0.039532
v -0.725163 0.397790 -0.044473
v -0.206306 0.397790 0.039532
v -0.700455 0.358258 -0.044473
v -0.742458 0.353316 -0.049414
v -0.742458 0.353316 0.049414
vn 1.0000 -0.0000 -0.0000
vn -0.0000 -0.0000 -1.0000
vn -0.8944 -0.4472 -0.0000
vn -0.8303 -0.5574 -0.0000
vn -0.0000 -0.0000 1.0000
vn -0.3991 -0.9169 -0.0000
vn -0.2796 -0.9601 -0.0000
vn 0.4237 0.8988 0.1127
vn 0.5111 0.8507 0.1228
vn 0.4814 0.8429 0.2402
vn 0.3963 0.8919 0.2180
vn -0.1818 -0.8182 -0.5454
vn 0.3164 -0.9486 -0.0000
vn -0.9601 -0.2796 -0.0000
vn -0.9881 -0.0917 -0.1232
vn -0.9881 -0.0917 0.1232
vn -0.1580 -0.9874 -0.0000
vn -0.1414 -0.9900 -0.0000
vn -0.0261 0.0392 0.9989
vn -0.0214 0.0321 0.9993
vn -0.5660 0.5635 -0.6018
vn -0.5537 0.5720 -0.6052
vn -0.3922 0.6615 -0.6393
vn -0.3970 0.6593 -0.6385
vn 0.8454 0.5223 0.1115
vn 0.8456 0.5217 0.1133
vn 0.8474 0.4842 0.2179
vn 0.6396 -0.4264 0.6396
vn -0.1426 0.5377 0.8310
vn -0.1473 0.5371 0.8306
vn -0.3001 0.4537 0.8391
vn -0.2839 0.4687 0.8365
vn 0.9917 0.0825 0.0987
vn 0.9876 -0.1225 0.0985
vn 0.9737 -0.1181 0.1947
vn 0.9774 0.0801 0.1955
vn -0.8766 -0.3758 -0.3006
vn -0.7625 -0.4575 -0.4575
vn -0.3195 0.3414 -0.8839
vn -0.1322 0.4923 -0.8603
vn -0.1663 0.4098 -0.8969
vn -0.3165 0.3433 -0.8843
vn -0.9940 0.1091 -0.0000
vn -0.9762 0.2169 -0.0000
vn -0.0000 1.0000 -0.0000
vn -0.7200 0.6093 0.3323
vn -0.1575 0.6715 0.7241
vn -0.1594 0.6710 0.7241
vn -0.1920 0.6612 0.7252
vn -0.1917 0.6613 0.7252
vn -0.0447 0.8935 -0.4467
vn -0.9433 0.0399 0.3295
vn -0.9548 0.0796 0.2864
vn -0.9431 0.0391 0.3303
vn 0.9737 -0.1181 -0.1947
vn 0.9876 -0.1225 -0.0985
vn 0.9917 0.0825 -0.0987
vn 0.9774 0.0801 -0.1955
vn 0.1768 0.4011 0.8988
vn 0.1662 0.4048 0.8992
vn 0.0127 0.5609 0.8278
vn -0.0098 0.4386 0.8986
vn -0.6155 -0.6155 0.4923
vn -0.6154 -0.6155 0.4923
vn 0.4457 -0.8952 -0.0000
vn 0.2811 -0.9597 -0.0000
vn -0.3164 -0.9486 -0.0000
vn 0.8469 0.1135 -0.5195
vn 0.8453 0.1243 -0.5196
vn 0.8229 0.2351 -0.5173
vn 0.5352 0.6175 0.5763
vn 0.4480 0.6884 0.5704
vn 0.4473 0.6890 0.5703
vn -0.0000 0.7071 -0.7071
vn 0.2673 -0.8018 0.5345
vn -0.5547 -0.8321 -0.0000
vn -0.0000 0.8575 -0.5145
vn 0.5298 -0.6623 0.5298
vn -0.3750 -0.7883 0.4879
vn -0.3758 -0.7878 0.4879
vn -0.1993 -0.8556 0.4777
vn -0.1829 -0.8603 0.4759
vn -0.7794 0.4960 -0.3826
vn 0.3595 -0.6695 -0.6500
vn 0.2720 -0.7071 -0.6527
vn 0.3791 -0.6601 -0.6485
vn -0.8944 0.4472 -0.0000
vn 0.4062 0.9138 -0.0000
vn 0.9700 -0.2432 -0.0000
vn 0.9912 -0.1322 -0.0000
vn -0.7293 -0.5232 0.4408
vn -0.0000 -1.0000 -0.0000
vn 0.5546 -0.8321 -0.0000
vn -0.9764 -0.2160 -0.0000
vn -0.9912 -0.1322 -0.0000
vn -0.5578 -0.0212 0.8297
vn -0.5573 -0.0176 0.8301
vn -0.5708 -0.1427 0.8086
vn 0.6247 0.7809 -0.0000
vn 0.9864 0.1644 -0.0000
vn 0.9966 0.0825 -0.0000
vn 0.2518 -0.7557 -0.6045
vn -0.2037 -0.3933 0.8965
vn -0.2186 -0.3807 0.8985
vn -0.1263 -0.5082 0.8519
vn -0.1223 -0.5342 0.8365
vn 0.4565 0.4073 -0.7910
vn 0.3505 0.5003 -0.7917
vn 0.3426 0.5037 -0.7931
vn 0.4539 0.4112 -0.7905
vn 0.5547 -0.8321 -0.0000
vn -0.0905 -0.9959 -0.0000
vn -0.0453 -0.9990 -0.0000
vn -0.0000 0.7809 0.6246
vn 0.0466 0.7778 0.6268
vn 0.0445 0.7779 0.6267
vn 0.0127 0.5609 -0.8278
vn -0.0098 0.4386 -0.8986
vn 0.9202 -0.3916 -0.0000
vn 0.9768 -0.2143 -0.0000
vn 0.6968 -0.3483 -0.6271
vn -0.9864 0.1644 -0.0000
vn -0.9966 0.0825 -0.0000
vn 0.1645 0.9864 -0.0000
vn -0.3001 0.4537 -0.8391
vn -0.1473 0.5371 -0.8306
vn -0.1426 0.5377 -0.8310
vn -0.2839 0.4687 -0.8365
vn -0.0185 -0.0856 0.9962
vn -0.0173 -0.0820 0.9965
vn -0.0115 -0.1572 0.9875
vn -0.0198 -0.1415 0.9897
vn 0.9285 -0.0000 -0.3714
vn -0.6563 -0.5730 0.4908
vn -0.6463 -0.5869 0.4878
vn -0.7097 -0.4913 0.5049
vn -0.2426 0.9701 -0.0000
vn -0.3295 0.9441 -0.0000
vn -0.2748 -0.8245 -0.4947
vn 0.8453 0.1243 0.5196
vn 0.8575 -0.0000 0.5145
vn 0.8469 0.1135 0.5195
vn 0.3208 0.8340 -0.4490
vn 0.2322 0.8637 -0.4473
vn 0.2285 0.8648 -0.4472
vn -0.3000 0.7235 0.6217
vn -0.1023 0.7667 0.6338
vn -0.1114 0.7651 0.6343
vn -0.2906 0.7258 0.6235
vn -0.4473 -0.8944 -0.0000
vn -0.0758 0.8355 0.5442
vn -0.0723 0.8370 0.5424
vn 0.0161 0.8705 0.4920
vn 0.0154 0.8703 0.4923
vn -0.8809 -0.1667 -0.4429
vn 0.3537 0.7515 0.5569
vn 0.4472 -0.8944 -0.0000
vn 0.2673 -0.7584 -0.5944
vn 0.2763 -0.7543 -0.5956
vn 0.4488 -0.6696 -0.5919
vn 0.4487 -0.6696 -0.5919
vn 0.7329 -0.6803 -0.0000
vn 0.6402 -0.7682 -0.0000
vn -0.1222 0.9925 -0.0000
vn 0.1789 0.9839 -0.0000
vn -0.7531 -0.3964 0.5251
vn 0.0445 0.7779 -0.6268
vn 0.0466 0.7778 -0.6268
vn -0.0000 0.7809 -0.6246
vn -0.0000 -0.9285 0.3714
vn 0.4961 -0.8682 -0.0000
vn -0.4211 -0.8421 -0.3369
vn -0.6910 -0.4364 0.5763
vn -0.7192 -0.3406 0.6056
vn -0.6903 -0.4382 0.5757
vn -0.7956 0.4731 0.3785
vn -0.0000 0.9806 -0.1961
vn -0.0000 0.9951 -0.0985
vn -0.0000 0.9945 -0.1043
vn -0.0000 -0.8575 0.5145
vn 0.3537 0.7515 -0.5569
vn 0.4480 0.6884 -0.5704
vn 0.4473 0.6890 -0.5703
vn 0.2239 -0.7748 0.5912
vn 0.2255 -0.7742 0.5913
vn 0.1846 -0.8001 0.5707
vn 0.1921 -0.7961 0.5739
vn 0.7795 -0.4960 0.3826
vn 0.7807 0.3903 -0.4879
vn 0.0900 -0.8500 0.5190
vn 0.0967 -0.8492 0.5192
vn 0.8000 0.6000 -0.0000
vn -0.3980 0.1989 0.8956
vn -0.0000 -0.9487 0.3161
vn 0.6464 -0.7630 -0.0000
vn 0.5812 -0.8137 -0.0000
vn 0.5217 0.8455 0.1134
vn 0.5223 0.8454 0.1115
vn 0.4842 0.8474 0.2179
vn -0.7773 -0.0000 -0.6292
vn -0.7752 -0.0738 -0.6274
vn -0.3763 0.8467 -0.3763
vn -0.6462 0.5025 -0.5744
vn -0.9007 -0.4344 -0.0000
vn -0.9635 -0.2679 -0.0000
vn 0.7328 0.3908 -0.5569
vn -0.9905 0.0617 -0.1228
vn -0.9695 0.0399 -0.2418
vn -0.9548 0.0795 -0.2865
vn 0.0102 -0.0425 -0.9990
vn 0.0023 -0.0504 -0.9987
vn -0.7795 0.4960 0.3826
vn 0.8174 -0.5760 -0.0000
vn 0.8682 -0.4961 -0.0000
vn -0.0000 0.9285 -0.3714
vn 0.1189 -0.9510 -0.2853
vn 0.0985 -0.9951 -0.0000
vn 0.5458 -0.0810 -0.8340
vn 0.4599 0.0740 -0.8849
vn 0.4601 0.0737 -0.8848
vn 0.5453 -0.0798 -0.8344
vn -0.5223 0.8454 -0.1115
vn -0.4842 0.8474 -0.2179
vn -0.5217 0.8455 -0.1134
vn -0.0000 -0.9285 -0.3714
vn -0.2404 -0.8489 -0.4708
vn -0.1415 -0.8800 -0.4535
vn -0.1354 -0.8812 -0.4530
vn -0.2443 -0.8469 -0.4723
vn -0.8320 0.5548 -0.0000
vn -0.5588 -0.6985 0.4470
vn -0.2566 -0.9665 -0.0000
vn -0.3162 -0.9487 -0.0000
vn -0.0000 0.8575 0.5145
vn -0.4999 -0.7206 0.4805
vn -0.5075 -0.7158 0.4796
vn 0.1588 -0.0925 -0.9830
vn 0.0894 -0.0778 -0.9930
vn 0.0822 -0.0746 -0.9938
vn 0.1482 -0.0927 -0.9846
vn -0.7071 0.7071 -0.0000
vn -0.0880 -0.6915 -0.7170
vn 0.0230 -0.7039 -0.7099
vn 0.0355 -0.7040 -0.7093
vn -0.0928 -0.6901 -0.7177
vn -0.8736 -0.1747 0.4542
vn 0.6249 0.6695 0.4016
vn 0.5547 0.7253 0.4077
vn 0.5504 0.7284 0.4080
vn -0.0597 -0.8342 0.5483
vn -0.0570 -0.8353 0.5468
vn -0.1322 0.4923 0.8603
vn -0.1663 0.4098 0.8969
vn -0.8160 -0.2147 -0.5368
vn 0.2142 0.3229 0.9219
vn 0.1950 0.3298 0.9237
vn 0.3398 0.2273 0.9126
vn 0.3479 0.2171 0.9120
vn 0.5819 -0.1454 0.8001
vn 0.9524 -0.2381 -0.1905
vn 0.9658 -0.2414 -0.0942
vn 0.9441 -0.3297 -0.0000
vn 0.9578 -0.2873 -0.0000
vn 0.7070 0.7072 -0.0000
vn 0.8934 0.3508 -0.2806
vn 0.0023 -0.0504 0.9987
vn 0.0102 -0.0425 0.9990
vn 0.3637 0.7274 -0.5819
vn 0.1855 -0.8343 0.5191
vn -0.8378 0.5459 0.0003
vn -0.9196 0.3929 -0.0000
vn -0.8383 0.5452 0.0045
vn -0.3868 -0.7349 -0.5570
vn 0.9495 -0.1055 0.2955
vn 0.5547 0.7253 -0.4077
vn 0.6249 0.6695 -0.4016
vn 0.5504 0.7284 -0.4080
vn -0.0181 -0.8720 0.4891
vn -0.0175 -0.8718 0.4895
vn 0.1063 -0.8163 0.5678
vn 0.1143 -0.8125 0.5717
vn -0.9284 -0.3715 -0.0000
vn -0.9661 -0.2583 -0.0000
vn 0.0910 0.7732 -0.6276
vn 0.2427 0.5449 -0.8026
vn 0.2381 0.5468 -0.8027
vn -0.2119 -0.7569 0.6182
vn -0.0099 -0.7744 0.6326
vn -0.0113 -0.7744 0.6326
vn -0.2135 -0.7566 0.6180
vn -0.8575 -0.0000 -0.5145
vn 0.6396 -0.4264 -0.6396
vn -0.6199 0.7846 -0.0000
vn -0.4818 0.8763 -0.0000
vn -0.5729 -0.6217 -0.5341
vn -0.6623 -0.5298 -0.5298
vn -0.5698 -0.6245 -0.5341
vn 0.8575 -0.5144 -0.0000
vn -0.0214 0.0321 -0.9993
vn -0.5588 0.6985 -0.4470
vn -0.9701 0.2426 -0.0000
vn -0.9751 0.2217 -0.0000
vn 0.0967 -0.8492 -0.5192
vn 0.0900 -0.8500 -0.5190
vn -0.0000 -0.8575 -0.5145
vn 0.9701 -0.2426 -0.0000
vn -0.5223 0.8454 0.1115
vn -0.5217 0.8455 0.1134
vn -0.1114 0.7651 -0.6343
vn -0.1023 0.7667 -0.6338
vn -0.3000 0.7235 -0.6217
vn -0.2906 0.7258 -0.6235
vn 0.9578 -0.2874 -0.0000
vn 0.3426 0.5037 0.7931
vn 0.3505 0.5003 0.7917
vn 0.4565 0.4073 0.7910
vn 0.4539 0.4112 0.7905
vn 0.0669 0.6081 -0.7910
vn 0.1581 0.5838 -0.7963
vn 0.1502 0.5880 -0.7948
vn 0.0720 0.6080 -0.7906
vn -0.1083 -0.4873 -0.8665
vn -0.8590 -0.2787 -0.4295
vn 0.3163 0.9487 -0.0000
vn -0.4062 -0.7575 -0.5111
vn -0.3946 -0.7632 -0.5117
vn -0.5025 -0.7035 -0.5025
vn 0.3379 -0.9412 -0.0000
vn 0.2425 -0.9701 -0.0000
vn -0.5735 0.7343 -0.3632
vn -0.6070 0.6685 -0.4297
vn -0.6108 0.6598 -0.4377
vn -0.5744 0.7328 -0.3649
vn -0.0000 -0.0254 -0.9997
vn -0.0000 -0.0252 -0.9997
vn -0.1355 0.6776 0.7228
vn 0.9247 -0.0604 0.3759
vn 0.9226 0.0814 0.3771
vn 0.9222 0.0849 0.3773
vn 0.9245 -0.0623 0.3760
vn 0.6866 -0.6018 0.4079
vn 0.6886 -0.5995 0.4080
vn 0.6164 -0.6779 0.4006
vn -0.2334 -0.9005 0.3668
vn -0.7809 -0.0000 0.6246
vn -0.1961 -0.9806 -0.0000
vn -0.4083 -0.8165 0.4082
vn -0.4850 -0.2911 0.8246
vn -0.0000 -0.0244 0.9997
vn -0.0000 -0.0271 0.9996
vn -0.0000 0.9284 0.3715
vn 0.8461 0.3845 -0.3692
vn 0.8825 0.2812 -0.3771
vn 0.8852 0.2719 -0.3775
vn -0.1083 -0.4873 0.8665
vn -1.0000 -0.0000 -0.0000
vn -0.8850 0.4655 -0.0000
vn -0.9285 0.3714 -0.0000
vn 0.5025 -0.7036 0.5025
vn -0.6508 -0.7592 -0.0000
vn -0.8455 0.5218 -0.1134
vn -0.8474 0.4842 -0.2179
vn -0.8454 0.5224 -0.1115
vn -0.0030 -0.0502 -0.9987
vn -0.0028 -0.0504 -0.9987
vn -0.0170 0.9607 0.2772
vn -0.1710 0.9235 0.3434
vn -0.1663 0.9266 0.3374
vn -0.0574 0.9570 0.2844
vn -0.3076 -0.9515 -0.0000
vn -0.2425 -0.9702 -0.0000
vn 0.8331 0.1316 -0.5372
vn -0.6510 0.3906 0.6509
vn 0.2381 0.5468 0.8027
vn 0.2427 0.5449 0.8026
vn -0.3884 -0.8415 0.3754
vn -0.4751 0.6787 0.5600
vn -0.9226 0.0814 -0.3771
vn -0.9222 0.0849 -0.3773
vn -0.9245 -0.0623 -0.3760
vn -0.9247 -0.0604 -0.3759
vn -0.7140 0.6902 0.1178
vn -0.7140 0.6902 -0.1178
vn -0.6347 0.7612 -0.1332
vn -0.6347 0.7612 0.1332
vn 0.4062 -0.9138 -0.0000
vn -0.5993 -0.0390 0.7996
vn -0.6054 -0.0337 0.7952
vn -0.6751 -0.0066 0.7377
vn -0.6548 -0.0106 0.7557
vn 0.8861 -0.0985 0.4529
vn 0.3162 0.9487 -0.0000
vn -0.3163 -0.9487 -0.0000
vn 0.2099 -0.7868 -0.5804
vn 0.1063 -0.8163 -0.5678
vn 0.1143 -0.8125 -0.5717
vn 0.2087 -0.7863 -0.5816
vn -0.4083 -0.8165 -0.4083
vn -0.5289 0.5179 0.6723
vn -0.5879 0.4220 0.6901
vn -0.5921 0.4144 0.6911
vn 0.5547 0.8320 -0.0000
vn -0.4261 0.9047 -0.0000
vn -0.2298 0.9732 -0.0000
vn -0.9172 -0.1223 -0.3791
vn -0.1818 0.8182 0.5454
vn -0.0958 0.8406 0.5331
vn -0.0888 0.8421 0.5319
vn -0.1041 -0.8717 -0.4789
vn -0.1231 -0.8617 -0.4923
vn -0.0996 -0.8740 -0.4757
vn 0.9285 -0.0000 0.3714
vn -0.1280 -0.9918 -0.0000
vn -0.2183 0.8729 0.4365
vn -0.3469 -0.9379 -0.0000
vn -0.4472 -0.8944 -0.0000
vn -0.4509 -0.1129 -0.8854
vn -0.3360 -0.2528 -0.9073
vn -0.3468 -0.2379 -0.9073
vn -0.4563 -0.1076 -0.8833
vn 0.8394 0.5331 0.1055
vn 0.8394 0.5340 0.1018
vn 0.8360 0.5014 0.2229
vn 0.3499 0.3113 0.8836
vn 0.3465 0.3141 0.8839
vn 0.8321 0.5547 -0.0000
vn -0.1414 0.9899 -0.0000
vn -0.9285 -0.0000 0.3714
vn -0.9971 0.0767 -0.0000
vn -0.9987 -0.0515 -0.0000
vn 0.1585 0.7070 0.6892
vn 0.1528 0.7303 0.6658
vn 0.1458 0.6767 0.7217
vn 0.1423 0.6788 0.7204
vn 0.8580 -0.0123 0.5135
vn 0.7071 0.7071 -0.0000
vn -0.4590 0.2074 0.8639
vn -0.4629 0.2023 0.8630
vn 0.9658 -0.2414 0.0942
vn 0.9524 -0.2381 0.1905
vn 0.9939 0.1105 -0.0000
vn 0.9985 0.0553 -0.0000
vn 0.1581 0.5838 0.7963
vn 0.1502 0.5880 0.7948
vn -0.7044 0.2482 -0.6649
vn -0.5879 0.4220 -0.6901
vn -0.5921 0.4144 -0.6911
vn -0.7092 0.2433 -0.6617
vn 0.8945 -0.4471 -0.0000
vn 0.4027 0.9154 -0.0000
vn 0.4856 0.8742 -0.0000
vn 0.2087 -0.7863 0.5816
vn 0.2099 -0.7868 0.5804
vn 0.3020 -0.7955 0.5253
vn 0.3024 -0.7955 0.5251
vn -0.1049 -0.6298 -0.7697
vn -0.3162 0.8695 0.3794
vn -0.2786 0.9604 -0.0000
vn -0.6054 -0.0337 -0.7952
vn -0.5453 -0.0538 -0.8365
vn -0.5442 -0.0538 -0.8372
vn -0.5993 -0.0390 -0.7996
vn 0.3724 0.8187 0.4371
vn 0.3748 0.8179 0.4366
vn 0.1741 0.8744 0.4530
vn 0.1843 0.8719 0.4537
vn -0.0000 0.9945 0.1043
vn -0.0000 0.9951 0.0985
vn -0.0000 0.9806 0.1961
vn -0.3015 0.9045 0.3015
vn -0.7302 0.6832 -0.0000
vn -0.6225 0.7826 -0.0000
vn 0.4987 -0.7977 0.3390
vn 0.7808 -0.0000 -0.6247
vn 0.2255 -0.7742 -0.5913
vn 0.2124 -0.7789 -0.5901
vn 0.2239 -0.7748 -0.5912
vn -0.7071 -0.7071 -0.0000
vn -0.4083 -0.8165 0.4083
vn 0.3565 -0.7043 -0.6139
vn 0.3653 -0.6994 -0.6143
vn 0.1854 -0.7644 -0.6175
vn 0.1850 -0.7645 -0.6175
vn 0.9478 -0.0751 0.3098
vn 0.7555 -0.6552 -0.0000
vn 0.8000 -0.6000 -0.0000
vn -0.0236 0.0354 -0.9991
vn 0.8985 -0.4390 -0.0000
vn 0.9603 -0.2789 -0.0000
vn -0.7851 -0.3140 -0.5338
vn 0.3162 -0.9487 -0.0000
vn 0.1855 0.6895 -0.7001
vn 0.1458 0.6767 -0.7217
vn 0.1423 0.6788 -0.7204
vn 0.1802 0.6898 -0.7012
vn -0.1594 0.6710 -0.7241
vn -0.1355 0.6776 -0.7228
vn -0.1575 0.6715 -0.7241
vn 0.1054 0.9944 -0.0000
vn 0.9899 0.1414 -0.0000
vn 0.3732 -0.4690 0.8005
vn 0.3714 -0.4740 0.7984
vn 0.3474 -0.5435 0.7642
vn 0.3464 -0.5466 0.7624
vn -0.5537 0.5720 0.6052
vn -0.6462 0.5025 0.5744
vn -0.5660 0.5635 0.6017
vn -0.3537 0.7515 0.5570
vn -0.0000 -0.8575 -0.5144
vn 0.9495 -0.1055 -0.2955
vn 0.4604 -0.7347 -0.4982
vn 0.4468 -0.7426 -0.4990
vn 0.5445 -0.6807 -0.4901
vn -0.5237 -0.5892 0.6153
vn 0.2558 -0.8191 -0.5135
vn 0.2572 -0.8187 -0.5134
vn 0.0745 -0.8518 -0.5186
vn 0.0790 -0.8513 -0.5187
vn -0.7476 0.2232 0.6256
vn -0.6864 0.2774 0.6723
vn -0.7828 0.3090 0.5401
vn -0.7926 0.2265 0.5661
vn 0.6000 -0.8000 -0.0000
vn -0.3714 -0.9285 -0.0000
vn 0.4271 -0.3865 0.8174
vn 0.4310 -0.3834 0.8168
vn 0.3534 -0.4417 0.8246
vn -0.3940 -0.9191 -0.0000
vn 0.5470 -0.5212 0.6551
vn 0.5386 -0.5318 0.6536
vn 0.6641 -0.3017 0.6841
vn 0.6508 -0.3395 0.6791
vn 0.7513 -0.5165 0.4108
vn -0.9172 -0.1223 0.3791
vn -0.9245 -0.0623 0.3760
vn -0.9247 -0.0604 0.3759
vn -0.1462 0.4750 -0.8677
vn 0.8934 0.3508 0.2806
vn -0.1996 0.7122 -0.6730
vn -0.1399 0.7276 -0.6716
vn -0.2012 0.7118 -0.6730
vn -0.2092 0.9779 -0.0000
vn -0.3162 0.9487 -0.0000
vn 0.7341 -0.3843 0.5598
vn 0.6749 -0.4499 0.5849
vn 0.7405 -0.3766 0.5566
vn 0.7606 0.5070 -0.4056
vn 0.1928 0.5142 -0.8357
vn -0.9548 0.0795 0.2865
vn -0.9695 0.0399 0.2418
vn -0.9905 0.0617 0.1228
vn 0.2988 -0.6136 0.7309
vn 0.2985 -0.6140 0.7307
vn 0.2598 -0.6495 0.7146
vn 0.5633 -0.0149 0.8261
vn 0.5639 -0.0176 0.8257
vn 0.5425 -0.2389 0.8054
vn 0.5490 -0.2238 0.8053
vn -0.0099 -0.7744 -0.6326
vn -0.0113 -0.7744 -0.6326
vn -0.1879 0.8204 -0.5400
vn -0.1816 0.8226 -0.5388
vn -0.3871 0.7259 -0.5685
vn -0.3947 0.7212 -0.5692
vn 0.0055 1.0000 -0.0000
vn 0.1104 0.9939 -0.0000
vn -0.8488 0.0998 0.5192
vn 0.5974 0.7301 0.3318
vn -0.7200 0.6093 -0.3323
vn -0.0000 -0.0271 -0.9996
vn -0.0000 -0.0244 -0.9997
vn 0.3758 -0.8766 0.3006
vn 0.6365 -0.5852 -0.5024
vn 0.6349 -0.5870 -0.5024
vn 0.4497 -0.7254 -0.5211
vn 0.4683 -0.7156 -0.5182
vn -0.6620 0.5792 -0.4757
vn -0.6453 0.6002 -0.4726
vn -0.6420 0.6042 -0.4720
vn 0.7332 -0.6800 -0.0000
vn 0.6585 -0.7526 -0.0000
vn -0.0570 -0.8353 -0.5468
vn -0.0597 -0.8342 -0.5483
vn 0.7809 0.6246 -0.0000
vn 0.7382 -0.0671 -0.6712
vn 0.7352 0.0270 -0.6773
vn 0.7354 0.0252 -0.6772
vn -0.2703 0.9628 -0.0000
vn 0.8159 -0.2147 -0.5368
vn -0.7528 -0.5645 0.3387
vn 0.0264 0.6081 -0.7934
vn -0.7472 0.4151 -0.5189
vn 0.5223 0.8454 -0.1115
vn 0.5217 0.8455 -0.1134
vn 0.8454 -0.5224 -0.1115
vn 0.8454 -0.5224 0.1115
vn 0.8455 -0.5218 0.1134
vn 0.8455 -0.5218 -0.1133
vn 0.7053 -0.7089 -0.0000
vn 0.7399 -0.6727 -0.0000
vn -0.5920 -0.8059 -0.0000
vn -0.6644 -0.7474 -0.0000
vn 0.5298 0.6623 -0.5298
vn -0.1602 -0.9871 -0.0000
vn -0.4287 0.3351 0.8390
vn -0.4342 0.3301 0.8382
vn -0.5473 0.2499 0.7988
vn -0.2748 -0.8245 0.4947
vn -0.4062 0.9138 -0.0000
vn -0.5085 0.7763 -0.3726
vn -0.5124 0.7753 -0.3692
vn -0.6155 -0.6155 -0.4923
vn -0.5508 0.6427 -0.5325
vn -0.4930 0.6858 -0.5353
vn -0.4867 0.6902 -0.5354
vn -0.0000 0.8575 0.5144
vn 0.1884 0.4094 -0.8927
vn 0.2743 0.5382 -0.7969
vn 0.2676 0.5347 -0.8015
vn 0.1855 0.3872 -0.9032
vn -0.7208 -0.3004 -0.6247
vn -0.7220 -0.2250 -0.6543
vn -0.7221 -0.2283 -0.6531
vn 0.4016 0.9158 -0.0000
vn 0.2520 0.9677 -0.0000
vn 0.2041 0.9180 -0.3401
vn 0.1644 -0.9864 -0.0000
vn 0.9285 -0.3714 -0.0000
vn 0.3398 0.2273 -0.9126
vn 0.1950 0.3298 -0.9237
vn 0.2142 0.3229 -0.9219
vn 0.3479 0.2171 -0.9120
vn -0.8358 0.1346 -0.5322
vn -0.8249 0.1425 -0.5470
vn 0.6330 0.5179 0.5754
vn 0.6954 0.4016 0.5960
vn 0.6929 0.4069 0.5953
vn -0.8766 -0.3758 0.3006
vn -0.3758 -0.7878 -0.4879
vn -0.5145 -0.6904 -0.5085
vn -0.5221 -0.6830 -0.5108
vn -0.3750 -0.7883 -0.4879
vn 0.7257 0.1210 -0.6773
vn 0.0822 -0.0746 0.9938
vn 0.0894 -0.0778 0.9930
vn 0.1588 -0.0925 0.9830
vn 0.1482 -0.0927 0.9846
vn 0.6804 0.2721 0.6804
vn -0.5547 -0.8320 -0.0000
vn -0.6543 -0.7563 -0.0000
vn 0.7591 -0.3374 0.5567
vn -0.9806 0.1961 -0.0000
vn 0.9818 0.1636 0.0962
vn 0.9818 0.1636 -0.0962
vn -0.9578 -0.2873 -0.0000
vn -0.2220 0.7793 -0.5860
vn -0.2049 0.7859 -0.5835
vn -0.3258 0.7330 -0.5971
vn -0.8320 0.5547 -0.0000
vn 0.1066 -0.8526 0.5115
vn 0.1325 -0.8289 0.5435
vn 0.1353 -0.8262 0.5469
vn 0.5586 -0.7182 -0.4149
vn 0.5103 -0.7163 -0.4760
vn 0.5053 -0.7158 -0.4819
vn 0.6968 -0.3483 0.6271
vn 0.0999 0.8488 0.5192
vn 0.0050 0.8533 0.5214
vn 0.0054 0.8533 0.5214
vn 0.5391 0.5392 -0.6470
vn -0.5392 -0.6470 0.5391
vn -0.7625 -0.4575 -0.4574
vn 0.7072 -0.7071 -0.0000
vn 0.0621 0.9981 -0.0000
vn -0.1644 0.9864 -0.0000
vn -0.1374 0.9905 -0.0000
vn -0.0000 -0.8575 0.5144
vn -0.3588 0.6821 0.6371
vn -0.3532 0.6830 0.6394
vn -0.5023 0.6361 0.5857
vn -0.4929 0.6418 0.5875
vn 0.2005 -0.9025 -0.3811
vn 0.2289 -0.8957 -0.3812
vn 0.2258 -0.8965 -0.3812
vn 0.2332 -0.8620 -0.4501
vn 0.1474 -0.8847 -0.4423
vn 0.2473 -0.8575 -0.4511
vn -0.0157 -0.9316 0.3632
vn -0.0247 -0.9332 0.3585
vn -0.9884 0.1520 -0.0000
vn 0.9430 0.0391 0.3304
vn 0.9433 0.0399 0.3295
vn -0.2037 -0.3933 -0.8965
vn -0.2186 -0.3807 -0.8985
vn 0.6861 -0.2423 -0.6860
vn 0.6641 -0.3017 -0.6841
vn 0.6508 -0.3395 -0.6791
vn 0.6873 -0.2351 -0.6872
vn -0.7526 -0.6585 -0.0000
vn 0.4488 -0.6696 0.5919
vn 0.2763 -0.7543 0.5956
vn 0.2673 -0.7584 0.5944
vn 0.4487 -0.6696 0.5919
vn 0.0762 -0.9971 -0.0000
vn 0.2237 -0.9747 -0.0000
vn 0.6738 -0.6125 -0.4134
vn 0.6506 -0.6403 -0.4082
vn 0.6455 -0.6463 -0.4070
vn 0.7942 -0.3055 0.5254
vn -0.8575 -0.0000 0.5145
vn -0.0995 0.9950 -0.0000
vn -0.0562 0.9984 -0.0000
vn -0.5442 -0.0538 0.8372
vn -0.5453 -0.0538 0.8365
vn 0.4630 0.5788 0.6713
vn -0.1879 0.8204 0.5400
vn -0.1816 0.8226 0.5388
vn 0.5587 0.6986 0.4470
vn 0.0050 0.8533 -0.5214
vn 0.0054 0.8533 -0.5214
vn -0.3625 0.9320 -0.0000
vn -0.2747 0.9615 -0.0000
vn 0.9245 -0.0623 -0.3760
vn 0.9247 -0.0604 -0.3759
vn 0.9172 -0.1223 -0.3791
vn -0.4472 0.8944 -0.0000
vn -0.8455 0.5218 0.1134
vn -0.8454 0.5224 0.1115
vn 0.9454 -0.1956 0.2608
vn -0.9987 0.0515 -0.0000
vn 0.9974 -0.0721 -0.0000
vn 0.9813 -0.1922 -0.0000
vn -0.8393 0.5340 0.1018
vn -0.8393 0.5340 -0.1018
vn -0.8394 0.5331 -0.1055
vn -0.8394 0.5331 0.1055
vn 0.2590 0.9659 -0.0000
vn 0.1644 0.9864 -0.0000
vn 0.7732 0.0910 -0.6276
vn 0.7779 0.0445 -0.6268
vn 0.7777 0.0466 -0.6269
vn 0.2821 -0.8465 -0.4514
vn -0.3868 -0.7349 0.5570
vn -0.8320 -0.5547 -0.0000
vn 0.9487 0.3162 -0.0000
vn 0.2598 -0.6495 -0.7146
vn 0.2985 -0.6140 -0.7307
vn 0.2988 -0.6136 -0.7309
vn -0.0000 -0.7808 0.6247
vn 0.7405 -0.3766 -0.5566
vn 0.7341 -0.3843 -0.5598
vn 0.7942 -0.3055 -0.5254
vn 0.7140 0.7001 -0.0000
vn 0.8173 0.5762 -0.0000
vn 0.2786 -0.9604 -0.0000
vn 0.2540 -0.8890 -0.3810
vn -0.3162 0.8695 -0.3794
vn -0.2181 0.8648 0.4523
vn -0.2066 0.8681 0.4514
vn -0.3821 0.7934 0.4738
vn -0.3813 0.7939 0.4736
vn -0.9285 -0.0000 -0.3714
vn 0.8944 -0.4474 -0.0000
vn -0.1238 -0.6808 -0.7220
vn -0.0000 0.8575 -0.5144
vn -0.4024 0.7165 0.5699
vn -0.4010 0.7156 0.5719
vn -0.2119 -0.7569 -0.6182
vn -0.2135 -0.7566 -0.6180
vn 0.0329 -0.0489 0.9983
vn 0.0299 -0.0468 0.9985
vn 0.6056 -0.5298 -0.5938
vn 0.5976 -0.5402 -0.5925
vn 0.6744 -0.4292 -0.6008
vn 0.5145 0.8575 -0.0000
vn 0.9981 -0.0614 -0.0000
vn -0.8269 0.4961 -0.2646
vn 0.5389 -0.8423 -0.0000
vn 0.6246 -0.7809 -0.0000
vn 0.2821 -0.8465 0.4514
vn -0.0000 0.7071 0.7071
vn 0.8192 0.5735 -0.0000
vn 0.4328 -0.9015 -0.0000
vn 0.5295 -0.8483 -0.0000
vn -0.6585 -0.7526 -0.0000
vn -0.5721 -0.8202 -0.0000
vn 0.0974 0.7578 -0.6452
vn 0.0889 0.7602 -0.6436
vn -0.8103 0.1568 0.5646
vn 0.8575 -0.0000 -0.5145
vn -0.7752 -0.0738 0.6274
vn -0.7773 -0.0000 0.6292
vn 0.7808 -0.0000 0.6247
vn 0.8945 0.4471 -0.0000
vn -0.5573 -0.0176 -0.8301
vn -0.4629 0.2023 -0.8630
vn -0.4590 0.2074 -0.8639
vn -0.5578 -0.0212 -0.8297
vn -0.0000 0.9285 0.3714
vn -0.4473 0.8944 -0.0000
vn 0.4468 -0.7426 0.4990
vn 0.2558 -0.8191 0.5135
vn 0.2572 -0.8187 0.5134
vn 0.4604 -0.7347 0.4982
vn -0.4655 -0.8850 -0.0000
vn -0.7189 -0.1540 0.6778
vn -0.7220 -0.2250 0.6543
vn -0.7221 -0.2283 0.6531
vn -0.7682 -0.6402 -0.0000
vn -0.9839 -0.1789 -0.0000
vn 0.5445 -0.6807 0.4901
vn 0.8823 0.1176 -0.4558
vn -0.5874 0.5759 0.5686
vn -0.3872 0.7259 0.5685
vn -0.3947 0.7212 0.5692
vn -0.5996 0.5646 0.5671
vn 0.8480 -0.5300 -0.0000
vn 0.9981 -0.0621 -0.0000
vn 0.9923 -0.1241 -0.0000
vn 0.8944 -0.4472 -0.0000
vn -0.0000 -0.1610 0.9870
vn -0.0000 -0.1709 0.9853
vn 0.5703 0.8214 -0.0000
vn -0.8742 0.4856 -0.0000
vn -0.9031 0.4294 -0.0000
vn -0.5517 0.6827 0.4792
vn -0.5413 0.6902 0.4804
vn -0.6453 0.6002 0.4726
vn -0.6420 0.6042 0.4720
vn -0.9213 -0.3888 -0.0000
vn -0.9318 -0.3629 -0.0000
vn 0.5587 -0.6986 0.4470
vn 0.4403 -0.8804 -0.1761
vn 0.4454 -0.8907 -0.0908
vn 0.3758 -0.9220 -0.0938
vn 0.3954 -0.9001 -0.1831
vn 0.5298 -0.6623 -0.5298
vn -0.9686 -0.0596 -0.2415
vn -0.1829 -0.8603 -0.4759
vn -0.1993 -0.8556 -0.4777
vn 0.1716 0.9852 -0.0000
vn 0.2036 0.9790 -0.0000
vn 0.4731 0.1846 0.8615
vn 0.4729 0.1848 0.8615
vn -0.0000 -0.0252 0.9997
vn -0.0000 -0.0254 0.9997
vn -0.0030 -0.0502 0.9987
vn -0.0028 -0.0504 0.9987
vn 0.5111 0.8507 -0.1228
vn 0.4237 0.8988 -0.1127
vn -0.7795 -0.4960 -0.3826
vn -0.9705 0.2410 -0.0000
vn -0.9487 0.3162 -0.0000
vn 0.3827 0.9239 -0.0000
vn -0.4525 -0.8918 -0.0000
vn 0.4699 0.7832 -0.4073
vn 0.8838 -0.0472 0.4655
vn -0.9284 -0.0000 0.3715
vn -0.3714 0.9285 -0.0000
vn 0.4040 -0.6732 0.6194
vn 0.9959 -0.0910 -0.0000
vn 0.6134 -0.7897 -0.0000
vn 0.4448 -0.8154 -0.3706
vn 0.6744 -0.4292 0.6008
vn 0.5976 -0.5402 0.5925
vn 0.6056 -0.5298 0.5938
vn -0.5548 0.8320 -0.0000
vn 0.7507 -0.5361 0.3860
vn 0.1827 0.7308 -0.6577
vn -0.7935 -0.5135 0.3267
vn 0.9126 0.4089 -0.0000
vn -0.6154 -0.6155 -0.4923
vn 0.1602 -0.9871 -0.0000
vn 0.8704 -0.3481 0.3481
vn -0.2748 0.8245 -0.4947
vn -0.1275 -0.9918 -0.0000
vn -0.2179 -0.9760 -0.0000
vn 0.5819 -0.1454 -0.8001
vn -0.7337 -0.5870 0.3423
vn 0.9239 0.3827 -0.0000
vn 0.9720 0.2350 -0.0000
vn -0.5393 -0.5391 -0.6470
vn 0.0740 0.9973 -0.0000
vn 0.7040 0.3727 -0.6046
vn -0.0920 0.8286 0.5523
vn -0.3258 0.7330 0.5971
vn -0.2049 0.7859 0.5835
vn -0.2220 0.7793 0.5860
vn 0.6155 0.4924 -0.6154
vn -0.7625 -0.4575 0.4575
vn -0.7531 -0.3964 -0.5252
vn 0.8331 0.1316 0.5372
vn 0.1240 -0.9923 -0.0000
vn 0.2000 -0.9798 -0.0000
vn -0.8332 0.1315 -0.5371
vn -0.3360 -0.2528 0.9073
vn -0.3468 -0.2379 0.9073
vn -0.1934 -0.7899 0.5819
vn -0.1993 -0.7867 0.5843
vn -0.0932 -0.8390 0.5360
vn -0.2668 0.7976 -0.5410
vn -0.2666 0.7977 -0.5409
vn -0.0854 0.8506 -0.5188
vn -0.0914 0.8499 -0.5190
vn 0.9996 -0.0278 -0.0000
vn 0.3637 0.7274 0.5819
vn -0.7954 0.3341 0.5058
vn -0.7828 0.3090 -0.5401
vn -0.6864 0.2774 -0.6723
vn -0.7476 0.2232 -0.6256
vn -0.7926 0.2265 -0.5661
vn 0.1854 -0.7644 0.6175
vn 0.1850 -0.7645 0.6175
vn -0.6247 0.6247 -0.4685
vn -0.4916 -0.8194 0.2950
vn -0.6240 0.5280 0.5760
vn 0.2849 -0.9586 -0.0000
vn 0.3714 -0.9285 -0.0000
vn -0.7956 0.4731 -0.3785
vn -0.8736 -0.1747 -0.4542
vn -0.4083 -0.8165 -0.4082
vn -0.8332 0.1315 0.5371
vn -0.1155 -0.8083 -0.5774
vn -0.3838 -0.7603 -0.5241
vn -0.3842 -0.7601 -0.5241
vn -0.7337 -0.5870 -0.3423
vn -0.6536 -0.5311 0.5392
vn 0.2249 -0.9744 -0.0000
vn 0.1447 -0.9895 -0.0000
vn 0.1325 -0.8289 -0.5435
vn 0.1353 -0.8262 -0.5469
vn -0.2748 0.8245 0.4947
vn -0.7625 -0.4575 0.4574
vn -0.9981 -0.0621 -0.0000
vn -0.4930 0.6858 0.5353
vn -0.4867 0.6902 0.5354
vn -0.9548 0.0796 -0.2864
vn -0.9433 0.0399 -0.3295
vn -0.9431 0.0391 -0.3303
vn 0.6455 -0.6463 0.4070
vn 0.6506 -0.6403 0.4082
vn 0.6738 -0.6125 0.4134
vn 0.6804 0.2721 -0.6804
vn -0.9923 -0.1241 -0.0000
vn -0.0236 0.0354 0.9991
vn -0.8480 -0.5300 -0.0000
vn 0.6509 -0.3906 -0.6509
vn -0.8320 -0.5548 -0.0000
vn 0.4215 -0.4228 -0.8022
vn -0.6247 0.6247 0.4685
vn -0.6070 0.6685 0.4297
vn -0.6108 0.6598 0.4377
vn -0.1663 0.9266 -0.3374
vn -0.1710 0.9235 -0.3434
vn -0.0170 0.9607 -0.2771
vn -0.0574 0.9570 -0.2844
vn -0.0824 0.6176 -0.7822
vn 0.0265 0.6575 -0.7530
vn 0.3437 -0.7734 -0.5327
vn -0.0493 -0.9372 0.3453
vn 0.8320 -0.5548 -0.0000
vn 0.9999 -0.0139 -0.0000
vn 0.1297 0.3522 -0.9269
vn -0.3980 0.1989 -0.8956
vn 0.6164 -0.6779 -0.4006
vn 0.6886 -0.5995 -0.4080
vn 0.6866 -0.6018 -0.4079
vn -0.6139 0.7893 -0.0000
vn -0.7553 -0.4196 -0.5035
vn 0.1714 0.2857 -0.9429
vn 0.4310 -0.3834 -0.8168
vn 0.5425 -0.2389 -0.8054
vn 0.5490 -0.2238 -0.8053
vn 0.4271 -0.3865 -0.8174
vn -0.1968 0.2952 0.9349
vn -0.7851 -0.3140 0.5338
vn 0.7507 -0.5361 -0.3860
vn -1.0000 -0.0059 -0.0000
vn 0.5244 0.6197 -0.5839
vn -0.9816 0.1908 -0.0000
vn -0.2066 0.8681 -0.4514
vn -0.1268 0.8872 -0.4436
vn -0.2181 0.8648 -0.4523
vn -0.4342 0.3301 -0.8382
vn -0.4287 0.3351 -0.8390
vn 0.4448 -0.8154 0.3706
vn 0.9172 -0.1223 0.3791
vn -0.4301 -0.9028 -0.0000
vn 0.4599 0.0740 0.8849
vn 0.4601 0.0737 0.8848
vn -0.3922 0.6615 0.6393
vn -0.3970 0.6593 0.6385
vn 0.8580 -0.0123 -0.5135
vn 0.5453 -0.0798 0.8344
vn 0.5458 -0.0810 0.8340
vn 0.5845 -0.2485 0.7724
vn 0.5836 -0.2407 0.7755
vn -0.3758 -0.8766 0.3006
vn -0.3537 0.7515 -0.5570
vn -0.5346 0.8451 -0.0000
vn -0.6270 0.7790 -0.0000
vn -0.5996 0.5646 -0.5671
vn -0.5874 0.5759 -0.5686
vn -0.7251 0.3814 -0.5733
vn -0.7294 0.3703 -0.5752
vn 0.8306 -0.5567 0.0120
vn 0.8305 -0.5568 0.0120
vn 0.7907 -0.6116 0.0262
vn 0.4814 0.8429 -0.2402
vn 0.3963 0.8919 -0.2180
vn -0.7553 -0.4196 0.5035
vn -0.6155 -0.6154 -0.4923
vn 0.8950 -0.0193 -0.4456
vn -0.9900 -0.1414 -0.0000
vn 0.3474 -0.5435 -0.7642
vn 0.3464 -0.5466 -0.7624
vn -0.1920 0.6612 -0.7252
vn -0.1917 0.6613 -0.7252
vn 0.0678 -0.5083 0.8585
vn -0.0411 -0.5262 0.8494
vn -0.0331 -0.5251 0.8504
vn 0.7449 -0.5793 -0.3310
vn 0.9548 0.0796 0.2865
vn 0.9548 0.0796 -0.2865
vn 0.9430 0.0391 -0.3304
vn 0.9433 0.0399 -0.3295
vn 0.0889 0.7602 0.6436
vn 0.0974 0.7578 0.6452
vn 0.9290 -0.0197 -0.3696
vn 0.0745 -0.8518 0.5186
vn 0.0790 -0.8513 0.5187
vn 0.7656 0.1953 -0.6129
vn 0.7655 0.1957 -0.6129
vn 0.6954 0.4015 -0.5960
vn 0.6929 0.4069 -0.5953
vn -0.2642 -0.5093 0.8190
vn -0.2414 -0.5154 0.8222
vn -0.7682 0.3842 -0.5121
vn 0.4699 -0.7832 -0.4072
vn 0.5828 0.7682 0.2649
vn -0.1961 0.9806 -0.0000
vn -0.0173 -0.0820 -0.9965
vn -0.0185 -0.0856 -0.9962
vn 0.9487 -0.3163 -0.0000
vn -0.5345 0.8018 -0.2673
vn -0.8321 -0.5546 -0.0000
vn -0.4472 0.6890 0.5703
vn -0.2668 0.7976 0.5410
vn -0.2666 0.7977 0.5409
vn -0.4480 0.6884 0.5704
vn 0.5645 -0.7527 -0.3387
vn -0.4466 0.8947 -0.0000
vn 0.1066 -0.8526 -0.5115
vn 0.4767 0.6675 -0.5720
vn -0.8017 -0.5346 0.2673
vn 0.3758 -0.8766 -0.3006
vn 0.9226 0.0814 -0.3771
vn 0.9222 0.0849 -0.3773
vn 0.0720 0.6080 0.7906
vn 0.0669 0.6081 0.7910
vn 0.0264 0.6081 0.7934
vn -0.5473 0.2499 -0.7988
vn 0.5974 0.7301 -0.3318
vn 0.1189 -0.9510 0.2853
vn 0.8320 0.5548 -0.0000
vn 0.2873 0.9578 -0.0000
vn 0.9487 0.3161 -0.0000
vn -0.1085 0.9941 -0.0000
vn -0.0713 0.9975 -0.0000
vn 0.3758 -0.9220 0.0938
vn 0.4454 -0.8907 0.0908
vn 0.4403 -0.8804 0.1761
vn 0.3954 -0.9001 0.1831
vn -0.1231 -0.8617 0.4923
vn -0.1041 -0.8717 0.4789
vn -0.0996 -0.8740 0.4757
vn 0.0523 0.9986 -0.0000
vn 0.5391 0.5392 0.6470
vn 0.7322 0.4307 0.5276
vn 0.5002 0.3410 -0.7959
vn 0.2473 -0.8575 0.4511
vn 0.2332 -0.8620 0.4502
vn 0.4129 -0.8004 0.4347
vn 0.4135 -0.8001 0.4345
vn -0.1968 0.2952 -0.9349
vn -0.6620 0.5792 0.4757
vn 0.5546 0.8321 -0.0000
vn -0.2931 0.8193 -0.4928
vn -0.4134 0.7916 -0.4500
vn -0.4129 0.7916 -0.4504
vn -0.2980 0.8177 -0.4925
vn -0.7072 -0.7070 -0.0000
vn 0.8825 0.2812 0.3771
vn 0.8461 0.3845 0.3692
vn 0.8852 0.2719 0.3775
vn -0.2642 -0.5093 -0.8190
vn -0.0411 -0.5262 -0.8494
vn -0.0331 -0.5251 -0.8504
vn -0.2414 -0.5154 -0.8222
vn 0.5645 -0.7527 0.3387
vn 0.1643 -0.9864 -0.0000
vn 0.2199 -0.9755 -0.0000
vn 0.7445 -0.4963 0.4467
vn -0.3946 -0.7632 0.5117
vn -0.2933 -0.8066 0.5133
vn -0.4062 -0.7575 0.5111
vn -0.2006 0.9025 0.3811
vn -0.3884 -0.8415 -0.3754
vn -0.9959 -0.0905 -0.0000
vn -0.4083 0.8165 0.4083
vn -0.8033 -0.5954 -0.0163
vn -0.6929 0.4891 -0.5298
vn -0.5708 -0.1427 -0.8086
vn -0.3532 0.6830 -0.6394
vn -0.3588 0.6821 -0.6371
vn 0.1801 0.9004 -0.3961
vn 0.3162 0.8695 0.3794
vn 0.9185 -0.3953 -0.0000
vn -0.4007 -0.4248 -0.8118
vn -0.3996 -0.4264 -0.8115
vn -0.5300 -0.8480 -0.0000
vn 0.4472 -0.7156 0.5366
vn 0.4472 0.8945 -0.0000
vn -0.2980 0.8177 0.4925
vn -0.2931 0.8193 0.4928
vn -0.2286 0.8382 0.4952
vn -0.4472 0.6890 -0.5703
vn -0.4480 0.6884 -0.5704
vn -0.2334 -0.9005 -0.3668
vn -0.7992 -0.6010 -0.0000
vn -0.9487 -0.3162 -0.0000
vn -0.8321 0.5547 -0.0000
vn 0.1240 0.9923 -0.0000
vn 0.4842 0.8474 -0.2179
vn -0.4962 -0.8682 -0.0000
vn -0.4082 -0.9129 -0.0000
vn -0.6903 -0.4382 -0.5757
vn -0.6910 -0.4364 -0.5763
vn -0.6536 -0.5311 -0.5392
vn 0.7871 0.2256 -0.5741
vn 0.4987 -0.7977 -0.3390
vn 0.3469 -0.9379 -0.0000
vn 0.4473 -0.8944 -0.0000
vn 0.8270 0.4961 -0.2646
vn -0.1415 -0.8800 0.4535
vn -0.1354 -0.8812 0.4530
vn -0.7528 -0.5645 -0.3387
vn -0.7090 0.6582 -0.2531
vn -0.5976 0.7571 -0.2640
vn 0.8742 0.4856 -0.0000
vn 0.2540 -0.8890 0.3810
vn 0.2289 -0.8957 0.3812
vn 0.2258 -0.8965 0.3812
vn 0.8001 -0.5999 -0.0000
vn -0.1962 0.9806 -0.0000
vn -0.1610 0.8516 -0.4988
vn -0.1599 0.8512 -0.4999
vn -0.0000 -0.9487 -0.3161
vn 0.3087 -0.9474 0.0848
vn 0.2952 -0.9349 0.1968
vn -0.4129 0.7916 0.4504
vn -0.4134 0.7916 0.4500
vn 0.2676 0.5347 0.8015
vn 0.2743 0.5382 0.7969
vn 0.1884 0.4094 0.8927
vn 0.1855 0.3872 0.9032
vn 0.6247 -0.7809 -0.0000
vn 0.7181 -0.6960 -0.0000
vn 0.2720 -0.7071 0.6527
vn 0.3595 -0.6695 0.6500
vn 0.3791 -0.6601 0.6485
vn 0.2322 0.8637 0.4473
vn 0.2285 0.8648 0.4472
vn 0.1474 0.8847 0.4423
vn -0.7732 0.1695 -0.6110
vn -0.7731 0.1718 -0.6106
vn 0.2124 -0.7789 0.5901
vn -0.2404 -0.8489 0.4708
vn -0.2443 -0.8469 0.4723
vn -0.3473 -0.8012 -0.4874
vn -0.3496 -0.8001 -0.4874
vn 0.8180 -0.0083 -0.5751
vn 0.8474 -0.4842 0.2179
vn -0.6585 0.7526 -0.0000
vn -0.7208 -0.3004 0.6247
vn 0.9997 -0.0229 -0.0000
vn 0.1714 0.2857 0.9429
vn 0.3653 -0.6994 0.6143
vn 0.3565 -0.7043 0.6139
vn 0.7779 0.0445 0.6268
vn 0.7777 0.0466 0.6269
vn 0.2005 -0.9025 0.3811
vn -0.3161 -0.9487 -0.0000
vn 0.7871 0.2256 0.5741
vn -0.0405 -0.9992 -0.0000
vn -0.7071 0.7072 -0.0000
vn -0.1241 0.9923 -0.0000
vn 0.3511 0.9363 -0.0000
vn -0.8360 0.5014 0.2229
vn -0.4842 0.8474 0.2179
vn -0.7092 0.2433 0.6617
vn -0.7044 0.2482 0.6649
vn -0.8358 0.1346 0.5322
vn -0.8249 0.1425 0.5470
vn -0.4751 0.6787 -0.5600
vn -0.9823 -0.1871 -0.0000
vn -0.8682 0.4962 -0.0000
vn 0.7328 0.3908 0.5569
vn -0.7809 -0.0000 -0.6246
vn 0.7171 -0.4857 -0.4998
vn 0.7114 -0.4947 -0.4991
vn 0.7409 -0.4528 -0.4961
vn 0.7312 -0.4684 -0.4960
vn 0.8944 0.4472 -0.0000
vn -0.5393 -0.5391 0.6470
vn 0.9744 0.2249 -0.0000
vn 0.7352 0.0270 0.6773
vn 0.7382 -0.0671 0.6712
vn 0.7354 0.0252 0.6772
vn -0.7163 0.4214 -0.5562
vn -0.8270 0.4961 0.2646
vn -0.0000 -0.7808 -0.6247
vn -0.4124 0.0825 0.9073
vn 0.9957 -0.0931 -0.0000
vn 0.9989 -0.0476 -0.0000
vn 0.8017 -0.5346 0.2673
vn -0.1263 -0.5082 -0.8519
vn -0.1223 -0.5342 -0.8365
vn -0.9939 0.1104 -0.0000
vn -0.1268 0.8872 0.4436
vn 0.1454 0.6905 -0.7086
vn 0.3714 -0.4740 -0.7984
vn 0.3732 -0.4690 -0.8005
vn -0.9983 -0.0577 -0.0000
vn -0.9878 -0.1560 -0.0000
vn -0.6000 -0.8000 -0.0000
vn -0.5822 -0.6186 0.5276
vn -0.5145 -0.6904 0.5085
vn -0.5221 -0.6830 0.5108
vn -0.8242 0.5663 -0.0000
vn 0.8823 0.1176 0.4558
vn 0.4299 -0.9029 -0.0000
vn 0.8270 0.4961 0.2646
vn 0.1104 -0.9939 -0.0000
vn 0.9284 -0.3715 -0.0000
vn 0.4912 0.6959 -0.5239
vn -0.2182 0.8729 -0.4364
vn -0.9222 0.0849 0.3773
vn -0.9099 0.1655 0.3805
vn -0.9226 0.0814 0.3771
vn -0.2182 0.8729 0.4364
vn -0.1610 0.8516 0.4988
vn -0.1599 0.8512 0.4999
vn -0.7526 0.6585 -0.0000
vn 0.6001 -0.7999 -0.0000
vn 0.1013 0.9621 0.2532
vn -0.5413 0.6902 -0.4804
vn -0.5517 0.6827 -0.4792
vn 0.3437 -0.7734 0.5327
vn 0.4497 -0.7254 0.5211
vn 0.4683 -0.7156 0.5182
vn 0.9806 -0.1961 -0.0000
vn 0.1928 0.5142 0.8357
vn 0.7795 -0.4960 -0.3826
vn 0.1013 0.9621 -0.2532
vn 0.8704 0.3481 -0.3481
vn -0.8766 0.3757 0.3006
vn -0.7592 0.6508 -0.0000
vn -0.0000 -0.1789 -0.9839
vn -0.0115 -0.1572 -0.9875
vn -0.0198 -0.1415 -0.9897
vn 0.8950 -0.0193 0.4456
vn 0.3625 -0.9320 -0.0000
vn -0.5025 -0.7035 0.5025
vn -0.8575 -0.5146 -0.0000
vn -0.3190 0.6911 0.6485
vn -0.8590 -0.2787 0.4295
vn -0.5392 -0.6470 -0.5391
vn 0.1222 -0.9925 -0.0000
vn -0.0708 0.1063 -0.9918
vn -0.0261 0.0392 -0.9989
vn -0.5976 0.7571 0.2640
vn -0.7090 0.6582 0.2531
vn 0.8477 0.0265 0.5298
vn -0.1644 -0.9864 -0.0000
vn 0.4912 0.6959 0.5239
vn 0.8638 -0.5039 -0.0000
vn 0.7987 -0.3459 -0.4924
vn -0.0247 -0.9332 -0.3585
vn -0.0157 -0.9316 -0.3632
vn -0.0493 -0.9372 -0.3453
vn 0.4471 0.8945 -0.0000
vn 0.3844 -0.8513 0.3570
vn 0.5587 0.6986 -0.4470
vn -0.0723 0.8370 -0.5424
vn -0.0920 0.8286 -0.5523
vn -0.0758 0.8355 -0.5442
vn 0.2426 -0.9701 -0.0000
vn 0.1528 0.7303 -0.6658
vn 0.1372 0.8415 -0.5225
vn 0.1385 0.8230 -0.5509
vn 0.1585 0.7070 -0.6892
vn 0.8180 -0.0083 0.5751
vn -0.9510 -0.1188 -0.2854
vn -0.3842 -0.7601 0.5241
vn -0.3838 -0.7603 0.5241
vn 0.6037 -0.4207 -0.6772
vn 0.5845 -0.2485 -0.7724
vn 0.5836 -0.2407 -0.7755
vn 0.6027 -0.4114 -0.6837
vn 0.5103 -0.7163 0.4760
vn 0.5586 -0.7182 0.4149
vn 0.5053 -0.7158 0.4819
vn 0.5145 -0.8575 -0.0000
vn 0.8394 0.5340 -0.1018
vn 0.8394 0.5331 -0.1055
vn 0.2673 -0.8018 -0.5345
vn -0.2933 -0.8066 -0.5133
vn -0.6510 0.3906 -0.6509
vn 0.3303 0.5663 0.7551
vn -0.7795 -0.4960 0.3826
vn 0.4699 0.7832 0.4073
vn 0.1843 0.8719 -0.4537
vn 0.0161 0.8705 -0.4920
vn 0.0154 0.8703 -0.4923
vn 0.1741 0.8744 -0.4530
vn -0.9928 0.1194 -0.0000
vn -0.2006 0.9025 -0.3811
vn 0.5386 -0.5318 -0.6536
vn 0.5470 -0.5212 -0.6551
vn -0.5345 0.8018 0.2673
vn -0.5352 0.6175 -0.5764
vn 0.9620 0.2730 -0.0000
vn -0.8017 -0.5346 -0.2673
vn 0.3748 0.8179 -0.4366
vn 0.3724 0.8187 -0.4371
vn 0.5606 -0.7211 -0.4072
vn 0.4129 -0.8004 -0.4347
vn 0.4135 -0.8001 -0.4345
vn 0.5572 -0.7236 -0.4074
vn -0.5744 0.7328 0.3649
vn -0.5735 0.7343 0.3632
vn -0.5085 0.7763 0.3726
vn -0.5124 0.7753 0.3692
vn -0.5237 -0.5892 -0.6153
vn 0.7608 -0.4097 -0.5033
vn 0.1297 0.3522 0.9269
vn -0.8000 -0.6000 -0.0000
vn 0.8000 -0.5999 -0.0000
vn 0.4195 -0.4301 -0.7994
vn 0.4527 -0.4301 -0.7810
vn 0.4200 -0.4301 -0.7991
vn -0.3473 -0.8012 0.4874
vn -0.3496 -0.8001 0.4874
vn -0.3337 0.9427 -0.0000
vn -0.3052 0.9523 -0.0000
vn 0.7606 0.5070 0.4056
vn -0.8909 -0.0891 -0.4454
vn 0.6585 0.7526 -0.0000
vn 0.5587 -0.6986 -0.4470
vn 0.5244 0.6197 0.5839
vn 0.7071 -0.7071 -0.0000
vn -0.5546 -0.8321 -0.0000
vn -0.8321 -0.5547 -0.0000
vn 0.8704 0.3481 0.3481
vn 0.5002 0.3410 0.7959
vn 0.3777 0.7015 0.6043
vn -0.5547 0.8320 -0.0000
vn -0.5019 0.8649 -0.0000
vn 0.6861 -0.2423 0.6860
vn 0.6873 -0.2351 0.6872
vn 0.9705 0.2411 -0.0000
vn 0.9487 0.3163 -0.0000
vn 0.6332 0.7740 -0.0000
vn -0.7954 0.3341 -0.5058
vn -0.0708 0.1063 0.9918
vn -0.3821 0.7934 -0.4738
vn -0.3813 0.7939 -0.4736
vn 0.7040 0.3727 0.6046
vn -0.1399 0.7276 0.6716
vn -0.1996 0.7122 0.6730
vn -0.2012 0.7117 0.6730
vn -0.3512 0.9363 -0.0000
vn -0.5023 0.6362 -0.5857
vn -0.4929 0.6418 -0.5875
vn -0.6623 -0.5298 0.5298
vn -0.5729 -0.6217 0.5341
vn -0.5698 -0.6245 0.5341
vn 0.4639 -0.6379 0.6147
vn -0.5822 -0.6186 -0.5276
vn 0.1454 0.6905 0.7086
vn 0.0265 0.6575 0.7530
vn 0.1846 -0.8001 -0.5707
vn 0.1921 -0.7961 -0.5739
vn 0.6330 0.5179 -0.5754
vn -0.4010 0.7156 -0.5719
vn -0.4024 0.7165 -0.5699
vn 0.3686 -0.7574 0.5389
vn 0.3586 -0.7623 0.5388
vn -0.6860 0.7276 -0.0000
vn 0.6000 0.8000 -0.0000
vn -0.2857 -0.7427 0.6056
vn 0.5025 -0.7036 -0.5025
vn -0.5547 0.8321 -0.0000
vn 0.1474 -0.8847 0.4423
vn -0.9487 -0.3163 -0.0000
vn -0.4211 -0.8421 0.3369
vn -0.4377 -0.3704 0.8193
vn -0.4007 -0.4248 0.8118
vn -0.3996 -0.4264 0.8115
vn -0.7732 0.1695 0.6110
vn -0.7731 0.1718 0.6106
vn 0.1170 -0.7023 0.7022
vn 0.0230 -0.7039 0.7099
vn 0.0355 -0.7040 0.7093
vn -0.3030 0.9530 -0.0000
vn -0.4061 0.9138 -0.0000
vn 0.0600 -0.8675 -0.4937
vn 0.0862 -0.8540 -0.5132
vn 0.2874 -0.9578 -0.0000
vn -0.0854 0.8506 0.5188
vn -0.0914 0.8499 0.5190
vn 0.8321 -0.5547 -0.0000
vn 0.3590 -0.9333 -0.0000
vn -0.8766 0.3757 -0.3006
vn 0.3686 -0.7574 -0.5389
vn 0.3586 -0.7623 -0.5388
vn -0.8103 0.1568 -0.5646
vn 0.3087 -0.9474 -0.0848
vn 0.5352 0.6175 -0.5763
vn 0.6496 0.2598 0.7145
vn -0.5352 0.6175 0.5764
vn -0.5145 -0.8575 -0.0000
vn 0.9338 -0.3578 -0.0000
vn 0.9119 -0.4103 -0.0000
vn 0.7807 0.3903 0.4879
vn 0.8137 -0.5812 -0.0000
vn -0.2915 -0.7289 0.6195
vn 0.9772 0.2122 -0.0000
vn 0.9950 0.0995 -0.0000
vn -0.5852 0.6303 -0.5101
vn -0.0211 0.9998 -0.0000
vn 0.2091 0.9779 -0.0000
vn 0.1801 0.9004 0.3961
vn -0.7935 -0.5135 -0.3267
vn -0.1122 -0.5944 0.7963
vn 0.0910 0.7732 0.6276
vn -0.9566 0.0870 0.2782
vn -0.5852 0.6303 0.5101
vn 0.8474 0.4842 -0.2179
vn 0.8456 0.5217 -0.1133
vn 0.8454 0.5223 -0.1115
vn 0.0329 -0.0489 -0.9983
vn 0.0299 -0.0468 -0.9985
vn 0.9478 -0.0751 -0.3098
vn -0.0175 -0.8718 -0.4895
vn -0.0181 -0.8720 -0.4891
vn 0.8477 0.0265 -0.5298
vn 0.7114 -0.4947 0.4991
vn 0.7608 -0.4097 0.5033
vn 0.7171 -0.4857 0.4998
vn 0.2873 -0.9578 -0.0000
vn -0.9566 0.0870 -0.2782
vn -0.9223 0.3864 -0.0000
vn 0.6508 0.7592 -0.0000
vn 0.7809 -0.6247 -0.0000
vn 0.7789 0.5564 -0.2893
vn 0.5263 0.7895 0.3158
vn 0.5028 0.7966 0.3355
vn 0.4686 0.8053 0.3630
vn 0.8159 -0.2147 0.5368
vn -0.0985 0.9951 -0.0000
vn -0.7472 0.4151 0.5189
vn 0.9995 0.0310 -0.0000
vn 0.7449 -0.5793 0.3310
vn -0.9099 0.1655 -0.3805
vn 0.7257 0.1210 0.6773
vn 0.5606 -0.7211 0.4072
vn 0.5572 -0.7236 0.4074
vn 0.5298 0.6623 0.5298
vn 0.2952 -0.9349 -0.1968
vn 0.7322 0.4307 -0.5276
vn 0.7527 -0.5645 0.3387
vn 0.4527 -0.4301 0.7810
vn 0.4195 -0.4301 0.7994
vn 0.4200 -0.4301 0.7991
vn 0.7655 0.1957 0.6129
vn 0.7817 0.1042 0.6149
vn 0.7656 0.1953 0.6129
vn -0.9950 0.0996 -0.0000
vn -0.9902 0.1393 -0.0000
vn 0.3777 0.7015 -0.6043
vn -0.4124 0.0825 -0.9073
vn -0.9495 -0.1055 -0.2954
vn 0.8360 0.5014 -0.2229
vn 0.1474 0.8847 -0.4423
vn -0.8360 0.5014 -0.2229
vn 0.7513 -0.5165 -0.4108
vn -0.8909 -0.0891 0.4454
vn 0.7789 0.5564 0.2893
vn 0.2747 -0.9615 -0.0000
vn 0.2518 -0.7557 0.6045
vn 0.5547 0.8321 -0.0000
vn -0.2329 0.6751 -0.7000
vn -0.2091 0.6633 -0.7186
vn -0.2088 0.6630 -0.7189
vn -0.2362 0.6763 -0.6977
vn 0.4731 0.1846 -0.8615
vn 0.3499 0.3113 -0.8836
vn 0.3465 0.3141 -0.8839
vn 0.4729 0.1848 -0.8615
vn -0.2968 -0.7915 0.5343
vn 0.7591 -0.3374 -0.5567
vn 0.4472 -0.7156 -0.5366
vn 0.9998 -0.0206 -0.0000
vn -0.9686 -0.0596 0.2415
vn -0.9510 -0.1188 0.2854
vn -0.9959 0.0905 -0.0000
vn 0.8838 -0.0472 -0.4655
vn -0.7097 -0.4913 -0.5049
vn -0.6463 -0.5869 -0.4878
vn -0.6563 -0.5730 -0.4908
vn -0.0726 0.5448 0.8354
vn -0.5588 -0.6985 -0.4470
vn 0.1855 0.6895 0.7001
vn 0.1802 0.6898 0.7012
vn -0.0447 0.8935 0.4467
vn -0.8000 0.6000 -0.0000
vn -0.1462 0.4750 0.8677
vn 0.6349 -0.5870 0.5024
vn 0.6365 -0.5852 0.5024
vn -0.1122 -0.5944 -0.7963
vn 0.6727 0.7399 -0.0000
vn -0.9495 -0.1055 0.2954
vn -0.1818 -0.8182 0.5454
vn -0.2857 -0.7427 -0.6056
vn 0.9454 -0.1956 -0.2608
vn -0.4083 0.8165 -0.4083
vn 0.4471 -0.8945 -0.0000
vn 0.4962 -0.8682 -0.0000
vn -0.1049 -0.6298 0.7697
vn -0.5075 -0.7158 -0.4796
vn -0.4999 -0.7206 -0.4805
vn 0.8474 -0.4842 -0.2179
vn -0.8594 -0.1146 0.4983
vn 0.9677 0.1613 -0.1935
vn 0.3844 -0.8513 -0.3570
vn -0.5508 0.6427 0.5325
vn -0.2183 0.8728 -0.4365
vn 0.6509 -0.3906 0.6509
vn 0.9285 0.3714 -0.0000
vn -0.3511 0.9363 -0.0000
vn -0.2088 0.6630 0.7189
vn -0.2091 0.6633 0.7186
vn -0.2329 0.6751 0.7000
vn -0.2362 0.6763 0.6977
vn 0.9677 0.1613 0.1935
vn -0.7163 0.4214 0.5562
vn -0.0709 0.9975 -0.0000
vn 0.9610 0.2766 -0.0000
vn -0.8072 0.5903 -0.0041
vn -0.8099 0.5865 0.0096
vn 0.6974 -0.5114 0.5021
vn 0.7445 -0.4963 -0.4467
vn -0.9839 0.1789 -0.0000
vn 0.1385 0.8230 0.5509
vn 0.1372 0.8415 0.5225
vn 0.3303 0.5663 -0.7551
vn -0.5546 0.8321 -0.0000
vn 0.6496 0.2598 -0.7145
vn -0.4377 -0.3704 -0.8193
vn -0.7070 -0.7072 -0.0000
vn -0.9284 -0.0000 -0.3715
vn 0.7732 0.0910 0.6276
vn 0.6749 -0.4499 -0.5849
vn -0.8575 0.5145 -0.0000
vn -0.3195 0.3414 0.8839
vn -0.3165 0.3433 0.8843
vn -0.9104 -0.4138 -0.0000
vn -0.8944 -0.4473 -0.0000
vn -0.8488 0.0998 -0.5192
vn 0.7817 0.1042 -0.6149
vn -0.8474 0.4842 0.2179
vn 0.5828 0.7682 -0.2649
vn 0.8861 -0.0985 -0.4529
vn -0.5289 0.5179 -0.6723
vn 0.3534 -0.4417 -0.8246
vn -0.4916 -0.8194 -0.2950
vn -0.6155 -0.6154 0.4923
vn -0.7251 0.3814 0.5733
vn -0.7294 0.3703 0.5752
vn 0.6155 0.4924 0.6154
vn -0.2286 0.8382 -0.4952
vn -0.0888 0.8421 -0.5319
vn -0.0958 0.8406 -0.5331
vn -0.1818 0.8182 -0.5454
vn -0.6644 0.7474 -0.0000
vn -0.0880 -0.6915 0.7170
vn -0.0928 -0.6901 0.7177
vn -0.4850 -0.2911 -0.8246
vn -0.3161 0.9487 -0.0000
vn -0.1155 -0.8083 0.5774
vn 0.7593 -0.6508 -0.0000
vn -0.9363 -0.3511 -0.0000
vn -0.0932 -0.8390 -0.5360
vn -0.1993 -0.7867 -0.5843
vn -0.1934 -0.7899 -0.5819
vn 0.9948 -0.1018 -0.0000
vn -0.2968 -0.7915 -0.5343
vn -0.0726 0.5448 -0.8354
vn 0.1855 -0.8343 -0.5191
vn -0.6240 0.5280 -0.5760
vn 0.6974 -0.5114 -0.5021
vn -0.3015 0.9045 -0.3015
vn 0.3208 0.8340 0.4490
vn 0.1662 0.4048 -0.8992
vn 0.1768 0.4011 -0.8988
vn -0.7192 -0.3406 -0.6056
vn 0.7409 -0.4528 0.4961
vn 0.7312 -0.4684 0.4960
vn -0.1104 0.9939 -0.0000
vn 0.8229 0.2351 0.5173
vn 0.0999 0.8488 -0.5192
vn -0.3190 0.6911 -0.6485
vn 0.9864 0.1643 -0.0000
vn 0.9959 -0.0905 -0.0000
vn 0.8461 -0.3845 0.3691
vn 0.2041 0.9180 0.3401
vn -0.8160 -0.2147 0.5368
vn -0.6751 -0.0066 -0.7377
vn -0.6548 -0.0106 -0.7557
vn 0.3020 -0.7955 -0.5253
vn 0.3024 -0.7955 -0.5251
vn -0.5588 0.6985 0.4470
vn -0.4563 -0.1076 0.8833
vn -0.4509 -0.1129 0.8854
vn 0.4639 -0.6379 -0.6147
vn 0.6037 -0.4207 0.6772
vn 0.6027 -0.4114 0.6837
vn 0.1170 -0.7023 -0.7022
vn -0.2915 -0.7289 -0.6195
vn -0.9525 -0.3044 -0.0000
vn 0.8017 -0.5346 -0.2673
vn 0.4630 0.5788 -0.6713
vn -0.3758 -0.8766 -0.3006
vn -0.0824 0.6176 0.7822
vn -0.9845 -0.1746 -0.0187
vn -0.3763 0.8467 0.3763
vn -0.9959 -0.0906 -0.0000
vn -0.9701 0.2425 -0.0000
vn 0.7527 -0.5645 -0.3387
vn 0.1827 0.7308 0.6577
vn 0.4699 -0.7832 0.4072
vn 0.0600 -0.8675 0.4937
vn 0.0862 -0.8540 0.5132
vn 0.5639 -0.0176 -0.8257
vn 0.5633 -0.0149 -0.8261
vn 0.9290 -0.0197 0.3696
vn 0.3162 0.8695 -0.3794
vn 0.8461 -0.3845 -0.3691
vn -0.1238 -0.6808 0.7220
vn -0.9701 -0.2425 -0.0000
vn 0.9806 0.1962 -0.0000
vn -0.7189 -0.1540 -0.6778
vn 0.4686 0.8053 -0.3630
vn 0.5028 0.7966 -0.3355
vn 0.5263 0.7895 -0.3158
vn -0.7682 0.3842 0.5121
vn 0.7987 -0.3459 0.4924
vn 0.9786 -0.2060 -0.0000
vn -0.0000 0.9284 -0.3715
vn -0.6929 0.4891 0.5298
vn 0.8704 -0.3481 -0.3481
vn 0.0678 -0.5083 -0.8585
vn -0.9945 0.1047 -0.0000
vn 0.1961 0.9806 -0.0000
vn 0.8320 -0.5547 -0.0000
vn 0.4767 0.6675 0.5720
vn 0.4040 -0.6732 -0.6194
vn 0.0899 -0.3595 0.9288
vn -0.6376 0.3188 -0.7013
vn 0.0899 -0.3595 -0.9288
vn -0.1110 -0.0380 -0.9931
vn -0.1168 -0.0000 -0.9932
vn -0.1021 0.0383 -0.9940
vn -0.0023 -0.0106 -0.9999
vn 0.2563 -0.1366 0.9569
vn 0.2563 -0.1366 -0.9569
vn -0.1110 -0.0380 0.9931
vn -0.0023 -0.0106 0.9999
vn -0.1021 0.0383 0.9940
vn -0.1168 -0.0000 0.9932
vn -0.6376 0.3188 0.7013
vn -0.6805 0.6803 0.2722
vn 0.2563 0.6834 -0.6835
vn -0.0376 0.1000 -0.9943
vn -0.0026 0.1047 -0.9945
vn 0.1330 0.8865 0.4432
vn -0.0376 0.1000 0.9943
vn -0.0026 0.1047 0.9945
vn 0.1835 -0.0918 0.9787
vn 0.7719 0.3087 0.5558
vn -0.0000 -0.1525 0.9883
vn 0.0465 -0.1106 0.9928
vn 0.0882 -0.0845 0.9925
vn -0.6109 0.6789 -0.4073
vn 0.0774 0.0757 -0.9941
vn 0.1031 0.0488 -0.9935
vn -0.0932 -0.0955 -0.9911
vn -0.8909 0.0891 -0.4454
vn -0.1960 -0.0002 0.9806
vn -0.2563 0.6835 0.6835
vn 0.3753 -0.7881 -0.4879
vn -0.0031 -0.1240 0.9923
vn -0.0517 -0.1150 0.9920
vn 0.8944 -0.0000 0.4472
vn -0.8944 -0.0000 0.4472
vn -0.0000 -0.8945 0.4471
vn -0.0932 -0.0955 0.9911
vn 0.4083 0.8165 0.4082
vn -0.0712 0.0850 -0.9938
vn 0.0882 -0.0845 -0.9925
vn 0.0465 -0.1106 -0.9928
vn 0.6804 0.6804 -0.2722
vn -0.7072 -0.0000 -0.7070
vn -0.0517 -0.1150 -0.9920
vn -0.4363 -0.2182 0.8729
vn 0.1126 -0.0493 0.9924
vn 0.7719 0.3087 -0.5558
vn 0.1031 0.0488 0.9935
vn 0.0774 0.0757 0.9941
vn -0.8017 0.2672 0.5346
vn -0.1960 -0.0002 -0.9806
vn -0.8944 -0.0000 -0.4472
vn 0.6804 0.6804 0.2722
vn -0.0712 0.0850 0.9938
vn -0.2915 -0.7289 -0.6194
vn 0.1164 0.0035 -0.9932
vn 0.1126 -0.0493 -0.9924
vn -0.0031 -0.1240 -0.9923
vn 0.6805 -0.2722 -0.6803
vn 0.4083 0.8165 -0.4082
vn -0.8017 0.2672 -0.5346
vn 0.2890 0.8675 -0.4048
vn -0.5427 0.6106 0.5768
vn 0.6092 -0.5077 0.6092
vn 0.6092 -0.5077 -0.6092
vn 0.8944 -0.0000 -0.4472
vn 0.0392 0.0953 -0.9947
vn -0.6109 0.6789 0.4073
vn 0.1330 0.8865 -0.4432
vn 0.2563 0.6834 0.6835
vn 0.1164 0.0035 0.9932
vn 0.0392 0.0953 0.9947
vn -0.8909 0.0891 0.4454
vn -0.7072 -0.0000 0.7070
vn -0.2915 -0.7289 0.6194
vn 0.6805 -0.2722 0.6803
vn 0.1835 -0.0918 -0.9787
vn -0.2563 0.6835 -0.6835
vn 0.3906 -0.6510 -0.6509
vn -0.4363 -0.2182 -0.8729
vn 0.3753 -0.7881 0.4879
vn 0.3906 -0.6510 0.6509
vn -0.8020 0.5967 -0.0286
vn 0.2890 0.8675 0.4048
vn -0.5427 0.6106 -0.5767
vn -0.0000 -0.8945 -0.4471
vn -0.7403 -0.6721 -0.0130
vn -0.6805 0.6803 -0.2722
vt 0.597970 0.461300
vt 0.606395 0.449025
vt 0.616630 0.488253
vt 0.610352 0.493046
vt 0.642364 0.328834
vt 0.623073 0.331470
vt 0.623511 0.324681
vt 0.642783 0.323038
vt 0.499354 0.267863
vt 0.501405 0.224471
vt 0.518312 0.224354
vt 0.517972 0.270969
vt 0.914464 0.523497
vt 0.929908 0.535798
vt 0.926517 0.543248
vt 0.910581 0.529346
vt 0.894072 0.338024
vt 0.890240 0.328071
vt 0.893521 0.327723
vt 0.897451 0.337347
vt 0.568842 0.672989
vt 0.570152 0.715005
vt 0.540668 0.713820
vt 0.537780 0.676124
vt 0.348988 0.779855
vt 0.348411 0.756122
vt 0.376578 0.758096
vt 0.377460 0.778725
vt 0.688314 0.898742
vt 0.690336 0.897360
vt 0.694157 0.904876
vt 0.683916 0.903821
vt 0.956243 0.394687
vt 0.965929 0.399391
vt 0.959687 0.406346
vt 0.948988 0.401566
vt 0.846865 0.081676
vt 0.851550 0.082999
vt 0.849246 0.091606
vt 0.845486 0.090851
vt 0.906151 0.933092
vt 0.916485 0.936535
vt 0.909589 0.948681
vt 0.899395 0.944512
vt 0.228718 0.320113
vt 0.235480 0.306177
vt 0.243551 0.310709
vt 0.231404 0.331476
vt 0.963779 0.332942
vt 0.973626 0.328229
vt 0.977208 0.337503
vt 0.965595 0.338842
vt 0.119102 0.194195
vt 0.119285 0.199835
vt 0.107932 0.196153
vt 0.108363 0.192250
vt 0.060408 0.177505
vt 0.064672 0.173278
vt 0.073028 0.177865
vt 0.070108 0.181928
vt 0.025182 0.824671
vt 0.070437 0.824578
vt 0.069813 0.830862
vt 0.023846 0.829259
vt 0.105451 0.281025
vt 0.086401 0.310704
vt 0.080390 0.306862
vt 0.099359 0.277178
vt 0.865775 0.300430
vt 0.858945 0.289868
vt 0.905728 0.280853
vt 0.903367 0.293506
vt 0.796964 0.102917
vt 0.804363 0.107154
vt 0.794866 0.113810
vt 0.782892 0.106254
vt 0.448958 0.023958
vt 0.433571 0.011088
vt 0.445494 0.008993
vt 0.454281 0.018911
vt 0.049903 0.253296
vt 0.042639 0.252119
vt 0.042139 0.243741
vt 0.051045 0.244856
vt 0.288997 0.218247
vt 0.296535 0.215833
vt 0.296862 0.226409
vt 0.292836 0.229193
vt 0.182322 0.564205
vt 0.175968 0.565912
vt 0.172103 0.548586
vt 0.177743 0.549886
vt 0.030763 0.250529
vt 0.014450 0.247885
vt 0.015919 0.239319
vt 0.030893 0.242266
vt 0.368724 0.560399
vt 0.368685 0.565265
vt 0.357359 0.556136
vt 0.359118 0.553424
vt 0.784188 0.637239
vt 0.797858 0.636296
vt 0.799767 0.664927
vt 0.784724 0.665813
vt 0.785658 0.697619
vt 0.802067 0.699256
vt 0.799767 0.714043
vt 0.784042 0.711639
vt 0.838293 0.078635
vt 0.837503 0.085516
vt 0.100061 0.750438
vt 0.106516 0.750110
vt 0.108202 0.752927
vt 0.102500 0.756662
vt 0.546513 0.315754
vt 0.544228 0.327570
vt 0.530915 0.313759
vt 0.535715 0.307525
vt 0.655663 0.712956
vt 0.657243 0.696668
vt 0.703081 0.696121
vt 0.703492 0.711011
vt 0.633976 0.870633
vt 0.645986 0.850825
vt 0.674991 0.867796
vt 0.628622 0.906755
vt 0.889861 0.304281
vt 0.890519 0.309959
vt 0.886497 0.304693
vt 0.889902 0.298731
vt 0.794151 0.537577
vt 0.783718 0.540212
vt 0.780141 0.523693
vt 0.791825 0.523011
vt 0.786610 0.512170
vt 0.771780 0.508655
vt 0.774083 0.492892
vt 0.786340 0.494320
vt 0.728791 0.521282
vt 0.731925 0.536326
vt 0.720505 0.540647
vt 0.718544 0.525087
vt 0.049884 0.614422
vt 0.060530 0.578662
vt 0.067812 0.580160
vt 0.052886 0.618919
vt 0.397756 0.863363
vt 0.402696 0.850320
vt 0.412269 0.854917
vt 0.407975 0.868170
vt 0.038574 0.161350
vt 0.045262 0.153954
vt 0.061308 0.161200
vt 0.053720 0.167771
vt 0.522117 0.408170
vt 0.522952 0.396907
vt 0.540184 0.403754
vt 0.534016 0.413088
vt 0.833916 0.913356
vt 0.835389 0.907053
vt 0.845987 0.912445
vt 0.843836 0.916710
vt 0.616461 0.442046
vt 0.602480 0.444247
vt 0.597356 0.415843
vt 0.612879 0.414743
vt 0.802275 0.067915
vt 0.838958 0.071736
vt 0.801923 0.071878
vt 0.218252 0.729343
vt 0.224998 0.721124
vt 0.227089 0.725441
vt 0.221546 0.734167
vt 0.376583 0.596196
vt 0.371660 0.607517
vt 0.359576 0.597214
vt 0.364303 0.586926
vt 0.437756 0.789163
vt 0.457306 0.779895
vt 0.462992 0.779460
vt 0.469292 0.796790
vt 0.346887 0.457532
vt 0.347415 0.447354
vt 0.362744 0.447436
vt 0.361338 0.454132
vt 0.031438 0.649769
vt 0.036854 0.646907
vt 0.058924 0.680623
vt 0.046720 0.680206
vt 0.195132 0.310230
vt 0.183884 0.308826
vt 0.192901 0.294119
vt 0.206528 0.307129
vt 0.011078 0.116670
vt 0.021451 0.116022
vt 0.019462 0.125358
vt 0.016284 0.127997
vt 0.738959 0.406284
vt 0.739830 0.391803
vt 0.758833 0.398961
vt 0.760086 0.413029
vt 0.862495 0.053940
vt 0.852774 0.054544
vt 0.851515 0.044822
vt 0.861592 0.042441
vt 0.932595 0.567610
vt 0.948144 0.561959
vt 0.949741 0.571184
vt 0.933174 0.576820
vt 0.745742 0.101447
vt 0.764583 0.110413
vt 0.741142 0.144195
vt 0.721214 0.132765
vt 0.374049 0.199393
vt 0.361907 0.250614
vt 0.348389 0.250788
vt 0.361922 0.193837
vt 0.723063 0.634592
vt 0.724793 0.611189
vt 0.783341 0.612574
vt 0.379568 0.910466
vt 0.383348 0.898901
vt 0.395419 0.905053
vt 0.391711 0.921680
vt 0.859653 0.966397
vt 0.828834 0.940559
vt 0.835210 0.931978
vt 0.867509 0.959783
vt 0.823500 0.219902
vt 0.817132 0.232051
vt 0.802866 0.224921
vt 0.813334 0.214052
vt 0.232779 0.047879
vt 0.236992 0.047597
vt 0.254149 0.091757
vt 0.247875 0.091805
vt 0.954098 0.172948
vt 0.960071 0.197998
vt 0.905116 0.211773
vt 0.898415 0.187805
vt 0.367154 0.913584
vt 0.372658 0.907262
vt 0.372045 0.919697
vt 0.525844 0.446870
vt 0.529162 0.451312
vt 0.512789 0.458237
vt 0.513363 0.451940
vt 0.702889 0.393798
vt 0.684942 0.390362
vt 0.682973 0.331592
vt 0.701121 0.325503
vt 0.861264 0.994867
vt 0.804827 0.943873
vt 0.813317 0.943616
vt 0.860558 0.985775
vt 0.131470 0.729476
vt 0.164041 0.711756
vt 0.168171 0.723330
vt 0.131896 0.739782
vt 0.397543 0.185090
vt 0.391742 0.193727
vt 0.380539 0.189417
vt 0.388745 0.181012
vt 0.427813 0.540941
vt 0.440037 0.535522
vt 0.439495 0.543862
vt 0.427382 0.547375
vt 0.484240 0.942191
vt 0.473973 0.953980
vt 0.463872 0.947466
vt 0.468216 0.937714
vt 0.348553 0.608467
vt 0.342609 0.599683
vt 0.349181 0.589156
vt 0.274471 0.830717
vt 0.273533 0.807298
vt 0.278431 0.806765
vt 0.281131 0.830078
vt 0.237981 0.007442
vt 0.241024 0.010526
vt 0.208819 0.026829
vt 0.201421 0.020293
vt 0.555736 0.265954
vt 0.549872 0.216251
vt 0.564201 0.208323
vt 0.573189 0.261846
vt 0.370333 0.366107
vt 0.368726 0.379493
vt 0.357653 0.371598
vt 0.359554 0.360364
vt 0.718463 0.695001
vt 0.718757 0.708965
vt 0.531282 0.328580
vt 0.524348 0.316625
vt 0.206346 0.534464
vt 0.209863 0.494749
vt 0.253107 0.503255
vt 0.244289 0.541341
vt 0.254926 0.039901
vt 0.260467 0.048699
vt 0.253931 0.051679
vt 0.251342 0.041003
vt 0.012383 0.221000
vt 0.025256 0.175194
vt 0.032698 0.178245
vt 0.020309 0.223293
vt 0.059855 0.247176
vt 0.051778 0.240141
vt 0.062461 0.242857
vt 0.437027 0.031595
vt 0.439068 0.072836
vt 0.424771 0.070869
vt 0.427576 0.033119
vt 0.056169 0.375812
vt 0.048614 0.390662
vt 0.041246 0.385025
vt 0.049331 0.373177
vt 0.777808 0.789677
vt 0.784192 0.789740
vt 0.774349 0.829280
vt 0.772238 0.828588
vt 0.335133 0.804748
vt 0.343386 0.803130
vt 0.345817 0.825566
vt 0.337340 0.827524
vt 0.692375 0.910713
vt 0.700192 0.905753
vt 0.710154 0.913088
vt 0.703940 0.923664
vt 0.275453 0.149374
vt 0.295999 0.147704
vt 0.297229 0.151063
vt 0.273170 0.156226
vt 0.352117 0.822860
vt 0.354789 0.836300
vt 0.347556 0.840688
vt 0.183739 0.280316
vt 0.195534 0.281334
vt 0.219458 0.307782
vt 0.217328 0.312293
vt 0.873932 0.954721
vt 0.879270 0.962783
vt 0.874433 0.967862
vt 0.250133 0.694910
vt 0.236218 0.663445
vt 0.242783 0.656544
vt 0.256824 0.689303
vt 0.554113 0.338169
vt 0.563722 0.339702
vt 0.563830 0.345050
vt 0.548996 0.342098
vt 0.349960 0.861071
vt 0.356493 0.852407
vt 0.365845 0.870428
vt 0.359832 0.875307
vt 0.842950 0.861728
vt 0.851081 0.854088
vt 0.857021 0.865237
vt 0.846891 0.873763
vt 0.054671 0.230264
vt 0.066479 0.191267
vt 0.077293 0.195434
vt 0.064698 0.232990
vt 0.455355 0.576717
vt 0.450897 0.595966
vt 0.443478 0.588821
vt 0.451168 0.572078
vt 0.957634 0.479525
vt 0.953445 0.490744
vt 0.944289 0.485189
vt 0.946559 0.475670
vt 0.695800 0.933553
vt 0.696543 0.926962
vt 0.703684 0.929793
vt 0.703431 0.935806
vt 0.362176 0.266103
vt 0.347166 0.263672
vt 0.896221 0.445422
vt 0.918530 0.404801
vt 0.929666 0.411489
vt 0.907978 0.450930
vt 0.757252 0.416907
vt 0.734727 0.416705
vt 0.964404 0.302346
vt 0.953524 0.306871
vt 0.948489 0.295759
vt 0.957776 0.290440
vt 0.757846 0.054565
vt 0.770849 0.054064
vt 0.780866 0.095334
vt 0.766019 0.093802
vt 0.680488 0.178867
vt 0.685391 0.170393
vt 0.709196 0.185145
vt 0.699223 0.187838
vt 0.302254 0.228791
vt 0.303341 0.237557
vt 0.282692 0.236891
vt 0.054435 0.626126
vt 0.078966 0.582325
vt 0.080882 0.587890
vt 0.056246 0.636542
vt 0.150756 0.625694
vt 0.179814 0.590551
vt 0.193512 0.605451
vt 0.162606 0.637065
vt 0.683253 0.399570
vt 0.701324 0.403130
vt 0.183263 0.346150
vt 0.189486 0.345794
vt 0.186022 0.359985
vt 0.180938 0.354743
vt 0.832784 0.691804
vt 0.813054 0.688208
vt 0.811452 0.534217
vt 0.834788 0.534419
vt 0.909812 0.232338
vt 0.913188 0.250004
vt 0.902560 0.251630
vt 0.899163 0.234371
vt 0.553500 0.186300
vt 0.547902 0.178554
vt 0.558960 0.173327
vt 0.565469 0.180116
vt 0.272011 0.758608
vt 0.271811 0.783509
vt 0.264234 0.783509
vt 0.262707 0.759748
vt 0.887393 0.601378
vt 0.889692 0.617810
vt 0.885266 0.625283
vt 0.878727 0.601479
vt 0.631918 0.440432
vt 0.628924 0.413420
vt 0.847960 0.074017
vt 0.515306 0.281093
vt 0.497849 0.279694
vt 0.882613 0.853374
vt 0.892692 0.845716
vt 0.901832 0.851021
vt 0.893071 0.860664
vt 0.038199 0.705599
vt 0.035344 0.714073
vt 0.021043 0.700886
vt 0.032745 0.699724
vt 0.390354 0.883802
vt 0.393662 0.874091
vt 0.404523 0.878580
vt 0.401010 0.888840
vt 0.725612 0.928096
vt 0.726480 0.918171
vt 0.736628 0.918642
vt 0.738423 0.927501
vt 0.126327 0.357925
vt 0.132886 0.353324
vt 0.140131 0.357764
vt 0.134880 0.368829
vt 0.370498 0.182843
vt 0.796969 0.497677
vt 0.787868 0.473879
vt 0.794692 0.475037
vt 0.907457 0.395653
vt 0.918126 0.387399
vt 0.926002 0.394781
vt 0.058605 0.651811
vt 0.064658 0.658174
vt 0.063922 0.661399
vt 0.057124 0.654885
vt 0.694317 0.306576
vt 0.676468 0.313943
vt 0.671421 0.308960
vt 0.689938 0.301988
vt 0.274799 0.090990
vt 0.277842 0.096929
vt 0.262213 0.097639
vt 0.265793 0.081800
vt 0.165628 0.175424
vt 0.175468 0.174704
vt 0.174341 0.217313
vt 0.164291 0.216634
vt 0.966456 0.409892
vt 0.965520 0.413638
vt 0.957817 0.410559
vt 0.182758 0.521392
vt 0.178651 0.516218
vt 0.180711 0.511788
vt 0.186798 0.522097
vt 0.887530 0.940980
vt 0.849887 0.906765
vt 0.859050 0.897017
vt 0.894761 0.929772
vt 0.353760 0.579855
vt 0.356315 0.913563
vt 0.359713 0.908310
vt 0.484261 0.224074
vt 0.484465 0.211584
vt 0.500665 0.211914
vt 0.121105 0.697939
vt 0.117596 0.707812
vt 0.113996 0.701896
vt 0.112394 0.692117
vt 0.169809 0.675230
vt 0.159707 0.664297
vt 0.167161 0.658685
vt 0.178844 0.670422
vt 0.443971 0.028356
vt 0.433139 0.019047
vt 0.225266 0.846560
vt 0.240763 0.887113
vt 0.194276 0.902315
vt 0.181774 0.860447
vt 0.175627 0.650308
vt 0.185953 0.661860
vt 0.118213 0.184961
vt 0.106841 0.182354
vt 0.205003 0.936756
vt 0.195030 0.938726
vt 0.187379 0.904226
vt 0.912697 0.046875
vt 0.911511 0.056220
vt 0.901676 0.054462
vt 0.902335 0.042258
vt 0.584606 0.488071
vt 0.606462 0.506908
vt 0.056200 0.705724
vt 0.063355 0.709768
vt 0.041200 0.716883
vt 0.043715 0.705820
vt 0.104533 0.712408
vt 0.112630 0.711870
vt 0.115079 0.718207
vt 0.105710 0.720060
vt 0.246070 0.551877
vt 0.218228 0.574659
vt 0.211802 0.568050
vt 0.242298 0.548118
vt 0.207724 0.451137
vt 0.216627 0.410582
vt 0.226452 0.412154
vt 0.216176 0.453145
vt 0.113973 0.781589
vt 0.123906 0.780152
vt 0.123593 0.788797
vt 0.115071 0.788054
vt 0.838938 0.065203
vt 0.848050 0.065277
vt 0.254949 0.759619
vt 0.254275 0.736354
vt 0.261993 0.734981
vt 0.771740 0.516000
vt 0.767694 0.521151
vt 0.724934 0.516910
vt 0.181336 0.023401
vt 0.177341 0.025296
vt 0.171916 0.013980
vt 0.178448 0.013097
vt 0.334487 0.593849
vt 0.303508 0.602187
vt 0.306224 0.590973
vt 0.339498 0.581982
vt 0.116902 0.732727
vt 0.122627 0.732150
vt 0.121932 0.742537
vt 0.117873 0.741935
vt 0.070425 0.099585
vt 0.056254 0.066794
vt 0.067943 0.066236
vt 0.075228 0.087144
vt 0.350356 0.802620
vt 0.150417 0.777348
vt 0.168127 0.816469
vt 0.164170 0.817932
vt 0.148924 0.779524
vt 0.781268 0.118429
vt 0.785655 0.121461
vt 0.760747 0.156043
vt 0.756896 0.153537
vt 0.036932 0.068419
vt 0.047835 0.057690
vt 0.056921 0.062372
vt 0.035459 0.077112
vt 0.897580 0.835462
vt 0.910039 0.839458
vt 0.697448 0.414598
vt 0.699692 0.409286
vt 0.718783 0.412412
vt 0.716246 0.416579
vt 0.351537 0.350366
vt 0.348119 0.365530
vt 0.341282 0.354606
vt 0.345117 0.341656
vt 0.551718 0.410858
vt 0.539659 0.418396
vt 0.519244 0.484316
vt 0.537758 0.476191
vt 0.539218 0.480918
vt 0.522613 0.488736
vt 0.943380 0.543904
vt 0.938973 0.553499
vt 0.280495 0.365624
vt 0.286924 0.374427
vt 0.280791 0.394225
vt 0.270322 0.392421
vt 0.073921 0.667839
vt 0.069606 0.665700
vt 0.069302 0.662428
vt 0.073732 0.664849
vt 0.846099 0.048778
vt 0.837973 0.051917
vt 0.836129 0.044836
vt 0.843560 0.042904
vt 0.022832 0.744671
vt 0.008578 0.739129
vt 0.708046 0.051836
vt 0.741852 0.054615
vt 0.748036 0.087518
vt 0.729396 0.085595
vt 0.430891 0.321281
vt 0.446464 0.290849
vt 0.450404 0.293571
vt 0.432986 0.322796
vt 0.123324 0.751749
vt 0.133341 0.747974
vt 0.134267 0.755350
vt 0.126012 0.758481
vt 0.263847 0.915612
vt 0.254810 0.920714
vt 0.247422 0.884172
vt 0.134426 0.198564
vt 0.133860 0.204187
vt 0.260436 0.033725
vt 0.275791 0.035977
vt 0.267328 0.043188
vt 0.833851 0.222064
vt 0.826754 0.209023
vt 0.834181 0.212177
vt 0.694859 0.876131
vt 0.673520 0.835298
vt 0.722268 0.827802
vt 0.726768 0.870495
vt 0.189014 0.458845
vt 0.191608 0.369369
vt 0.200300 0.360017
vt 0.199819 0.461744
vt 0.533825 0.222410
vt 0.532054 0.208858
vt 0.544673 0.203830
vt 0.191581 0.067529
vt 0.197238 0.052157
vt 0.209792 0.050761
vt 0.197356 0.073685
vt 0.058493 0.640293
vt 0.054811 0.643416
vt 0.044550 0.639489
vt 0.713217 0.298024
vt 0.709927 0.293515
vt 0.123955 0.879210
vt 0.132577 0.878193
vt 0.136773 0.904310
vt 0.126381 0.907572
vt 0.186949 0.696979
vt 0.196480 0.691864
vt 0.341692 0.571532
vt 0.307815 0.580949
vt 0.308331 0.571409
vt 0.342693 0.560737
vt 0.794972 0.574560
vt 0.783529 0.573065
vt 0.783897 0.555588
vt 0.795497 0.559871
vt 0.847993 0.100138
vt 0.843186 0.098028
vt 0.540392 0.194032
vt 0.534947 0.184346
vt 0.278327 0.782820
vt 0.368535 0.278467
vt 0.378542 0.275558
vt 0.384841 0.286213
vt 0.375810 0.287467
vt 0.706356 0.192412
vt 0.703022 0.221772
vt 0.593084 0.173250
vt 0.593558 0.166518
vt 0.297094 0.170861
vt 0.299775 0.184003
vt 0.289567 0.180906
vt 0.290544 0.167325
vt 0.686813 0.887599
vt 0.682056 0.887433
vt 0.679600 0.880851
vt 0.684060 0.881664
vt 0.321011 0.621057
vt 0.320607 0.641715
vt 0.269360 0.642866
vt 0.266978 0.623432
vt 0.148688 0.652591
vt 0.149298 0.668754
vt 0.141756 0.660153
vt 0.954787 0.108148
vt 0.940368 0.114521
vt 0.936766 0.100930
vt 0.949754 0.093726
vt 0.110814 0.704532
vt 0.499030 0.492203
vt 0.505594 0.496770
vt 0.968694 0.892828
vt 0.990420 0.917412
vt 0.983581 0.922656
vt 0.959889 0.899188
vt 0.953940 0.546268
vt 0.950571 0.554076
vt 0.057652 0.700243
vt 0.064651 0.697365
vt 0.641853 0.966101
vt 0.630007 0.973037
vt 0.631844 0.950284
vt 0.644013 0.956896
vt 0.241899 0.048862
vt 0.248351 0.036191
vt 0.845723 0.040244
vt 0.321325 0.954007
vt 0.343152 0.934739
vt 0.348962 0.939749
vt 0.326842 0.967839
vt 0.070026 0.793040
vt 0.071958 0.799297
vt 0.924561 0.924553
vt 0.934991 0.926584
vt 0.927226 0.939198
vt 0.450877 0.347890
vt 0.466923 0.347677
vt 0.475371 0.393654
vt 0.460801 0.400068
vt 0.330144 0.804933
vt 0.331087 0.828587
vt 0.276577 0.734433
vt 0.277595 0.759325
vt 0.269717 0.735488
vt 0.877094 0.117616
vt 0.881270 0.131173
vt 0.865800 0.133227
vt 0.862481 0.117616
vt 0.043444 0.624457
vt 0.043037 0.629173
vt 0.035307 0.624788
vt 0.037976 0.621504
vt 0.057963 0.335399
vt 0.055683 0.344034
vt 0.048510 0.338317
vt 0.052790 0.333462
vt 0.386095 0.611632
vt 0.395328 0.634549
vt 0.394599 0.805443
vt 0.382160 0.811003
vt 0.042581 0.635655
vt 0.041344 0.641375
vt 0.031342 0.639430
vt 0.297658 0.068559
vt 0.285031 0.073534
vt 0.174949 0.161724
vt 0.181181 0.172513
vt 0.171345 0.166048
vt 0.134577 0.669121
vt 0.140281 0.674951
vt 0.084259 0.959480
vt 0.084531 0.935873
vt 0.124802 0.937541
vt 0.124316 0.957803
vt 0.250655 0.876968
vt 0.252874 0.856709
vt 0.261678 0.862360
vt 0.255131 0.879190
vt 0.704947 0.724200
vt 0.717972 0.720836
vt 0.935142 0.401103
vt 0.945910 0.405946
vt 0.942789 0.417128
vt 0.786240 0.521090
vt 0.102637 0.250269
vt 0.114773 0.256491
vt 0.109413 0.265735
vt 0.096043 0.258473
vt 0.722317 0.555845
vt 0.712455 0.559979
vt 0.710540 0.542884
vt 0.572448 0.188390
vt 0.573492 0.173158
vt 0.582645 0.176196
vt 0.449132 0.418671
vt 0.458927 0.423881
vt 0.458577 0.438514
vt 0.444485 0.426730
vt 0.055621 0.763199
vt 0.058352 0.758429
vt 0.063685 0.758808
vt 0.064384 0.766724
vt 0.764849 0.179704
vt 0.767691 0.181807
vt 0.759264 0.189821
vt 0.753955 0.180228
vt 0.647327 0.405244
vt 0.646687 0.399734
vt 0.666295 0.397511
vt 0.664012 0.404628
vt 0.119441 0.716482
vt 0.121379 0.724461
vt 0.116059 0.725898
vt 0.387709 0.315909
vt 0.379565 0.316492
vt 0.891716 0.306843
vt 0.892596 0.312315
vt 0.281250 0.945614
vt 0.267820 0.951006
vt 0.900834 0.076172
vt 0.901101 0.066044
vt 0.910835 0.068100
vt 0.910656 0.075652
vt 0.861450 0.083905
vt 0.859559 0.094219
vt 0.183866 0.527490
vt 0.177480 0.523733
vt 0.837938 0.292352
vt 0.886484 0.405096
vt 0.865353 0.417229
vt 0.794510 0.308291
vt 0.442997 0.260361
vt 0.449878 0.219689
vt 0.466987 0.222187
vt 0.461423 0.263760
vt 0.821546 0.943954
vt 0.819188 0.936366
vt 0.823153 0.933429
vt 0.896769 0.813004
vt 0.900129 0.805163
vt 0.915531 0.802125
vt 0.909747 0.813097
vt 0.501844 0.948323
vt 0.500705 0.898097
vt 0.518020 0.900778
vt 0.113406 0.775163
vt 0.122762 0.771271
vt 0.710539 0.754732
vt 0.720174 0.752452
vt 0.041683 0.892232
vt 0.048224 0.900481
vt 0.032542 0.911343
vt 0.025724 0.899267
vt 0.575294 0.419510
vt 0.583898 0.417923
vt 0.591920 0.446538
vt 0.585186 0.448460
vt 0.469328 0.333597
vt 0.485427 0.330029
vt 0.484138 0.339004
vt 0.771272 0.183690
vt 0.762435 0.194559
vt 0.328715 0.780942
vt 0.334971 0.781767
vt 0.383716 0.934078
vt 0.565175 0.422942
vt 0.560425 0.427597
vt 0.552116 0.426718
vt 0.035475 0.166504
vt 0.049547 0.171930
vt 0.043878 0.182535
vt 0.342953 0.928675
vt 0.316660 0.943397
vt 0.311914 0.935703
vt 0.345877 0.923952
vt 0.333075 0.299814
vt 0.347102 0.327803
vt 0.330336 0.313926
vt 0.053179 0.357977
vt 0.039226 0.359351
vt 0.043806 0.348191
vt 0.213243 0.048186
vt 0.225961 0.047311
vt 0.240026 0.092091
vt 0.226485 0.092692
vt 0.207930 0.752214
vt 0.212499 0.736178
vt 0.216354 0.740456
vt 0.212323 0.751429
vt 0.607893 0.983640
vt 0.602247 0.975456
vt 0.638401 0.980110
vt 0.921990 0.043716
vt 0.918549 0.049935
vt 0.920266 0.040922
vt 0.154344 0.218693
vt 0.166181 0.225327
vt 0.158940 0.227477
vt 0.126861 0.706264
vt 0.141151 0.680882
vt 0.152986 0.698962
vt 0.129490 0.718643
vt 0.925254 0.889406
vt 0.914360 0.901741
vt 0.881456 0.873075
vt 0.071468 0.937911
vt 0.069291 0.910208
vt 0.080128 0.910565
vt 0.727411 0.945496
vt 0.727244 0.934337
vt 0.738283 0.932716
vt 0.744186 0.940588
vt 0.865434 0.981778
vt 0.856067 0.972674
vt 0.865370 0.977442
vt 0.131185 0.824630
vt 0.125550 0.810319
vt 0.129379 0.801283
vt 0.136782 0.806169
vt 0.765944 0.102344
vt 0.206771 0.620452
vt 0.609244 0.392140
vt 0.592129 0.393649
vt 0.587546 0.344989
vt 0.604861 0.343405
vt 0.055177 0.187468
vt 0.954618 0.731217
vt 0.949414 0.735618
vt 0.941981 0.725700
vt 0.953297 0.713274
vt 0.064578 0.722374
vt 0.106761 0.732174
vt 0.105730 0.738315
vt 0.063720 0.731136
vt 0.927736 0.557497
vt 0.920788 0.548849
vt 0.198945 0.048400
vt 0.197285 0.040326
vt 0.200034 0.031278
vt 0.316961 0.111298
vt 0.303391 0.095722
vt 0.339747 0.058213
vt 0.350726 0.071096
vt 0.358695 0.319744
vt 0.358922 0.314541
vt 0.363133 0.315583
vt 0.364938 0.323193
vt 0.032969 0.394989
vt 0.025440 0.399066
vt 0.023694 0.389506
vt 0.028964 0.383750
vt 0.106509 0.761254
vt 0.107980 0.764008
vt 0.065142 0.771454
vt 0.541097 0.908009
vt 0.521209 0.886017
vt 0.545014 0.895691
vt 0.349916 0.926499
vt 0.349448 0.930619
vt 0.511786 0.407071
vt 0.510077 0.394833
vt 0.154397 0.645836
vt 0.211515 0.693871
vt 0.282123 0.851748
vt 0.335041 0.850608
vt 0.579556 0.395024
vt 0.574777 0.345546
vt 0.663693 0.632439
vt 0.665342 0.609871
vt 0.710852 0.610232
vt 0.709391 0.633367
vt 0.329583 0.131122
vt 0.329259 0.137002
vt 0.305889 0.125368
vt 0.311745 0.118184
vt 0.117489 0.639291
vt 0.155776 0.521571
vt 0.163691 0.529617
vt 0.127713 0.638668
vt 0.230314 0.115926
vt 0.203880 0.108430
vt 0.017039 0.233878
vt 0.030716 0.237184
vt 0.066091 0.776014
vt 0.110622 0.767115
vt 0.068363 0.786075
vt 0.233404 0.381579
vt 0.232969 0.354604
vt 0.535578 0.438275
vt 0.542807 0.441206
vt 0.928661 0.046106
vt 0.926422 0.053476
vt 0.899978 0.510242
vt 0.895920 0.512832
vt 0.051748 0.647681
vt 0.431030 0.584375
vt 0.380800 0.584617
vt 0.384124 0.574070
vt 0.427936 0.571411
vt 0.328321 0.757366
vt 0.333196 0.756155
vt 0.706091 0.661402
vt 0.720845 0.662537
vt 0.901247 0.600211
vt 0.912438 0.581073
vt 0.917415 0.583174
vt 0.905597 0.600757
vt 0.731115 0.440140
vt 0.711932 0.437431
vt 0.733817 0.419927
vt 0.267736 0.847688
vt 0.265910 0.831309
vt 0.276245 0.850463
vt 0.885773 0.834663
vt 0.891037 0.824961
vt 0.904329 0.825063
vt 0.139444 0.931970
vt 0.141189 0.971281
vt 0.712493 0.515388
vt 0.714375 0.523082
vt 0.709919 0.527986
vt 0.705568 0.519323
vt 0.447936 0.530487
vt 0.449443 0.542005
vt 0.440833 0.550720
vt 0.065429 0.670667
vt 0.052701 0.664602
vt 0.827213 0.926899
vt 0.724456 0.510201
vt 0.717689 0.495044
vt 0.612302 0.939392
vt 0.581054 0.922650
vt 0.593275 0.915642
vt 0.628185 0.934184
vt 0.451301 0.441042
vt 0.469981 0.456198
vt 0.462568 0.457958
vt 0.915290 0.468319
vt 0.916784 0.459869
vt 0.931735 0.468718
vt 0.929284 0.477118
vt 0.269256 0.867891
vt 0.261150 0.884109
vt 0.195537 0.342489
vt 0.062954 0.256918
vt 0.057086 0.255022
vt 0.068016 0.249573
vt 0.917247 0.352348
vt 0.910915 0.356437
vt 0.911002 0.346163
vt 0.920568 0.349548
vt 0.016933 0.818065
vt 0.015105 0.809441
vt 0.019427 0.810405
vt 0.020682 0.816054
vt 0.204018 0.747720
vt 0.203780 0.738394
vt 0.887595 0.958073
vt 0.886810 0.971788
vt 0.878999 0.975343
vt 0.321410 0.224484
vt 0.311641 0.221418
vt 0.320250 0.187182
vt 0.327904 0.183358
vt 0.646942 0.390379
vt 0.626389 0.391162
vt 0.622423 0.341173
vt 0.643646 0.338825
vt 0.352482 0.918201
vt 0.358927 0.919375
vt 0.362317 0.938167
vt 0.356062 0.929175
vt 0.364657 0.927249
vt 0.045852 0.845893
vt 0.065089 0.867014
vt 0.054487 0.888110
vt 0.041697 0.884359
vt 0.197326 0.029017
vt 0.442035 0.554372
vt 0.426303 0.565041
vt 0.425254 0.556152
vt 0.204269 0.682823
vt 0.230716 0.653618
vt 0.724100 0.233005
vt 0.712165 0.242296
vt 0.707513 0.241955
vt 0.986737 0.706615
vt 0.980540 0.714342
vt 0.959197 0.708613
vt 0.962943 0.703465
vt 0.709797 0.496983
vt 0.703293 0.499890
vt 0.128677 0.770064
vt 0.129112 0.779914
vt 0.464279 0.894397
vt 0.470729 0.896627
vt 0.467956 0.899500
vt 0.462571 0.901812
vt 0.751484 0.175199
vt 0.725226 0.196887
vt 0.723443 0.192275
vt 0.955059 0.421072
vt 0.427116 0.183414
vt 0.424242 0.192825
vt 0.409351 0.188287
vt 0.414266 0.179332
vt 0.902779 0.379814
vt 0.911654 0.375936
vt 0.440460 0.347601
vt 0.904438 0.357698
vt 0.897687 0.347636
vt 0.900629 0.345442
vt 0.906614 0.354815
vt 0.921488 0.458232
vt 0.970010 0.552821
vt 0.966204 0.558705
vt 0.095494 0.457217
vt 0.084383 0.460576
vt 0.088478 0.447417
vt 0.096633 0.451835
vt 0.724570 0.827048
vt 0.722156 0.787742
vt 0.523412 0.177296
vt 0.521633 0.157734
vt 0.530310 0.146535
vt 0.534521 0.181030
vt 0.177137 0.481349
vt 0.177059 0.469422
vt 0.187933 0.470507
vt 0.189671 0.478186
vt 0.384159 0.556512
vt 0.380632 0.551033
vt 0.247299 0.131874
vt 0.255299 0.143890
vt 0.249025 0.145903
vt 0.239500 0.136435
vt 0.582722 0.094655
vt 0.694110 0.125497
vt 0.697112 0.135267
vt 0.577090 0.103420
vt 0.558751 0.197749
vt 0.327624 0.717383
vt 0.327946 0.732564
vt 0.275131 0.719201
vt 0.676102 0.438420
vt 0.662341 0.438644
vt 0.661826 0.410900
vt 0.678513 0.411989
vt 0.971934 0.194601
vt 0.967123 0.170620
vt 0.339557 0.283754
vt 0.341221 0.288062
vt 0.318442 0.304933
vt 0.313915 0.303118
vt 0.359141 0.329654
vt 0.366480 0.335749
vt 0.014127 0.146930
vt 0.006567 0.144778
vt 0.812144 0.240156
vt 0.794219 0.235415
vt 0.102251 0.431623
vt 0.109931 0.451581
vt 0.100296 0.451208
vt 0.091134 0.440419
vt 0.474385 0.875212
vt 0.483045 0.879297
vt 0.481398 0.883538
vt 0.470227 0.884590
vt 0.032353 0.351884
vt 0.039214 0.333356
vt 0.022126 0.362307
vt 0.032546 0.371399
vt 0.020952 0.374144
vt 0.175439 0.517143
vt 0.173403 0.521802
vt 0.168467 0.517753
vt 0.170029 0.511948
vt 0.576625 0.452233
vt 0.474877 0.434126
vt 0.474569 0.442018
vt 0.082713 0.181588
vt 0.081798 0.186575
vt 0.068872 0.244779
vt 0.077856 0.248582
vt 0.074837 0.252519
vt 0.710773 0.994527
vt 0.709886 0.944230
vt 0.719311 0.994936
vt 0.059541 0.898135
vt 0.034750 0.921055
vt 0.746649 0.094227
vt 0.468072 0.411357
vt 0.042093 0.238422
vt 0.032367 0.226297
vt 0.043962 0.228352
vt 0.273648 0.686391
vt 0.269333 0.710431
vt 0.260520 0.710797
vt 0.261740 0.687657
vt 0.900549 0.371218
vt 0.909437 0.367609
vt 0.272450 0.664043
vt 0.260015 0.664811
vt 0.390769 0.251990
vt 0.400878 0.207927
vt 0.415102 0.212306
vt 0.405545 0.253716
vt 0.174271 0.359267
vt 0.176852 0.370423
vt 0.437101 0.288452
vt 0.423719 0.286775
vt 0.422216 0.276558
vt 0.438875 0.279872
vt 0.167475 0.165862
vt 0.432763 0.025434
vt 0.427891 0.027332
vt 0.424765 0.022248
vt 0.083039 0.256284
vt 0.092045 0.262332
vt 0.085330 0.268533
vt 0.075242 0.262690
vt 0.299602 0.326051
vt 0.305011 0.326404
vt 0.293640 0.347477
vt 0.287841 0.349959
vt 0.479721 0.404177
vt 0.485992 0.413654
vt 0.478365 0.424326
vt 0.376951 0.156686
vt 0.395227 0.144058
vt 0.398873 0.151488
vt 0.390202 0.167181
vt 0.403698 0.176227
vt 0.405359 0.197486
vt 0.418503 0.201756
vt 0.386385 0.203553
vt 0.374933 0.251502
vt 0.810207 0.186261
vt 0.815126 0.198403
vt 0.806342 0.204751
vt 0.798368 0.184771
vt 0.918326 0.828218
vt 0.077506 0.675327
vt 0.072904 0.676698
vt 0.109158 0.696922
vt 0.105317 0.692638
vt 0.213359 0.968035
vt 0.216396 0.979614
vt 0.203619 0.985373
vt 0.200123 0.972258
vt 0.385348 0.569420
vt 0.384910 0.563108
vt 0.115394 0.797227
vt 0.074411 0.807712
vt 0.925116 0.060741
vt 0.924862 0.068000
vt 0.915832 0.067702
vt 0.916237 0.058059
vt 0.415639 0.013223
vt 0.406404 0.022957
vt 0.391940 0.015058
vt 0.399941 0.006418
vt 0.134726 0.457818
vt 0.130987 0.374447
vt 0.180895 0.375698
vt 0.177413 0.458138
vt 0.663719 0.337695
vt 0.662653 0.328290
vt 0.391567 0.067028
vt 0.375529 0.059268
vt 0.578660 0.196876
vt 0.413559 0.417506
vt 0.365944 0.421612
vt 0.365532 0.408999
vt 0.411923 0.404934
vt 0.960309 0.885736
vt 0.951824 0.905321
vt 0.951121 0.892288
vt 0.356487 0.387984
vt 0.346533 0.382842
vt 0.321452 0.662768
vt 0.458043 0.328105
vt 0.916664 0.372733
vt 0.916194 0.367231
vt 0.926926 0.367575
vt 0.928193 0.371158
vt 0.927423 0.346626
vt 0.929535 0.351918
vt 0.925388 0.562837
vt 0.039189 0.286564
vt 0.044689 0.288307
vt 0.838649 0.058705
vt 0.802059 0.059652
vt 0.801597 0.054903
vt 0.275524 0.871972
vt 0.343793 0.866785
vt 0.720794 0.394566
vt 0.720031 0.319057
vt 0.237838 0.590783
vt 0.259206 0.560965
vt 0.267305 0.562344
vt 0.248154 0.591797
vt 0.025502 0.920133
vt 0.025553 0.909137
vt 0.348465 0.732624
vt 0.376824 0.740728
vt 0.177128 0.535255
vt 0.171086 0.532847
vt 0.313683 0.061716
vt 0.305032 0.078251
vt 0.289681 0.085973
vt 0.120071 0.368522
vt 0.102783 0.399471
vt 0.056621 0.395051
vt 0.063695 0.378178
vt 0.106686 0.374654
vt 0.237962 0.280812
vt 0.240853 0.263879
vt 0.246147 0.265511
vt 0.244142 0.286050
vt 0.934121 0.878811
vt 0.940333 0.887766
vt 0.933101 0.896869
vt 0.968466 0.360287
vt 0.977920 0.362790
vt 0.976990 0.369288
vt 0.969406 0.368320
vt 0.125778 0.343529
vt 0.132039 0.344431
vt 0.890979 0.318850
vt 0.894688 0.320572
vt 0.367803 0.575699
vt 0.354802 0.568000
vt 0.216638 0.126776
vt 0.093589 0.174626
vt 0.087920 0.151839
vt 0.203129 0.116227
vt 0.171641 0.150134
vt 0.177595 0.145188
vt 0.179375 0.156045
vt 0.173008 0.155527
vt 0.339325 0.225275
vt 0.324546 0.238322
vt 0.281105 0.025753
vt 0.984338 0.558734
vt 0.983865 0.562606
vt 0.772310 0.206511
vt 0.782484 0.183179
vt 0.436915 0.195666
vt 0.434474 0.205018
vt 0.554392 0.330360
vt 0.564771 0.331238
vt 0.459323 0.559793
vt 0.451046 0.559219
vt 0.460129 0.551062
vt 0.050249 0.688318
vt 0.034051 0.696062
vt 0.779630 0.053277
vt 0.792158 0.093560
vt 0.712887 0.084738
vt 0.687034 0.078696
vt 0.913654 0.920090
vt 0.451497 0.546416
vt 0.439320 0.564137
vt 0.222969 0.381842
vt 0.221275 0.357390
vt 0.894125 0.619608
vt 0.897156 0.618407
vt 0.355599 0.417791
vt 0.355667 0.403753
vt 0.852916 0.073087
vt 0.110294 0.274016
vt 0.114611 0.279912
vt 0.109949 0.284125
vt 0.135444 0.469186
vt 0.817891 0.924372
vt 0.823022 0.917178
vt 0.830480 0.921715
vt 0.737875 0.317956
vt 0.716830 0.307504
vt 0.735333 0.303324
vt 0.948564 0.908006
vt 0.944754 0.896671
vt 0.330392 0.037095
vt 0.270640 0.008311
vt 0.952557 0.616983
vt 0.957388 0.617840
vt 0.947686 0.663916
vt 0.944249 0.661615
vt 0.354874 0.923005
vt 0.952231 0.690370
vt 0.970910 0.671075
vt 0.961467 0.693496
vt 0.820676 0.205364
vt 0.180505 0.219543
vt 0.530827 0.456035
vt 0.547058 0.444313
vt 0.553943 0.467230
vt 0.023572 0.282808
vt 0.033521 0.285067
vt 0.374199 0.083594
vt 0.397384 0.108065
vt 0.512580 0.463720
vt 0.424514 0.256362
vt 0.432728 0.216228
vt 0.933236 0.720048
vt 0.921478 0.733894
vt 0.912496 0.727938
vt 0.922307 0.713029
vt 0.894325 0.955210
vt 0.884109 0.946420
vt 0.274460 0.078212
vt 0.278467 0.088144
vt 0.375128 0.264496
vt 0.863289 0.875950
vt 0.850899 0.884841
vt 0.025243 0.442679
vt 0.011785 0.429510
vt 0.018015 0.422561
vt 0.029704 0.425155
vt 0.095945 0.463068
vt 0.082309 0.469626
vt 0.133303 0.489655
vt 0.121091 0.482905
vt 0.123352 0.478472
vt 0.135543 0.480694
vt 0.069181 0.336254
vt 0.061076 0.338513
vt 0.065896 0.331257
vt 0.431384 0.336200
vt 0.407378 0.362711
vt 0.408650 0.376174
vt 0.170679 0.732356
vt 0.484048 0.887715
vt 0.141075 0.622075
vt 0.173424 0.581920
vt 0.770042 0.171228
vt 0.764337 0.177501
vt 0.751756 0.164124
vt 0.332785 0.639789
vt 0.327144 0.620953
vt 0.695793 0.897331
vt 0.693935 0.887403
vt 0.588133 0.328690
vt 0.575525 0.330241
vt 0.576065 0.322039
vt 0.589375 0.320173
vt 0.977966 0.927802
vt 0.975750 0.929997
vt 0.067727 0.652625
vt 0.073497 0.659839
vt 0.965407 0.219457
vt 0.898376 0.361522
vt 0.500511 0.883669
vt 0.874726 0.978035
vt 0.868058 0.972597
vt 0.009206 0.628027
vt 0.019116 0.626416
vt 0.022872 0.634990
vt 0.010662 0.635489
vt 0.910369 0.600323
vt 0.899852 0.618982
vt 0.536333 0.269174
vt 0.913116 0.309174
vt 0.916357 0.321071
vt 0.906118 0.318891
vt 0.901687 0.311746
vt 0.353509 0.431797
vt 0.342670 0.442725
vt 0.347338 0.429234
vt 0.698345 0.455767
vt 0.702124 0.476948
vt 0.667300 0.478206
vt 0.664444 0.456216
vt 0.659252 0.321507
vt 0.641277 0.314335
vt 0.656449 0.313457
vt 0.930423 0.390831
vt 0.939036 0.396336
vt 0.455744 0.282852
vt 0.815177 0.936156
vt 0.812092 0.928786
vt 0.816894 0.927768
vt 0.123432 0.458821
vt 0.124441 0.470452
vt 0.976525 0.254374
vt 0.982119 0.268829
vt 0.912961 0.283385
vt 0.915134 0.266888
vt 0.566234 0.977310
vt 0.564213 0.966620
vt 0.863343 0.842295
vt 0.867186 0.838963
vt 0.882014 0.841748
vt 0.874582 0.848404
vt 0.389753 0.264044
vt 0.191641 0.050196
vt 0.192560 0.041688
vt 0.604494 0.333644
vt 0.588174 0.335307
vt 0.605453 0.327107
vt 0.959758 0.953041
vt 0.965864 0.943168
vt 0.118567 0.210286
vt 0.106714 0.206598
vt 0.970767 0.237929
vt 0.284544 0.243973
vt 0.175972 0.241120
vt 0.178023 0.233154
vt 0.271663 0.962630
vt 0.783256 0.723684
vt 0.352014 0.320121
vt 0.355097 0.310707
vt 0.081346 0.828158
vt 0.115900 0.815669
vt 0.120837 0.821208
vt 0.078738 0.838938
vt 0.569168 0.397060
vt 0.439718 0.578050
vt 0.140345 0.167127
vt 0.155344 0.156095
vt 0.156035 0.161070
vt 0.147601 0.172126
vt 0.345929 0.397454
vt 0.336766 0.391813
vt 0.337750 0.376735
vt 0.086178 0.677553
vt 0.103347 0.697064
vt 0.080953 0.684910
vt 0.264397 0.421917
vt 0.247805 0.313933
vt 0.235070 0.336785
vt 0.297445 0.247437
vt 0.748269 0.924908
vt 0.748768 0.928957
vt 0.271901 0.220025
vt 0.451580 0.197568
vt 0.450450 0.187630
vt 0.460127 0.188297
vt 0.467419 0.199163
vt 0.919137 0.656035
vt 0.913998 0.615885
vt 0.669701 0.501050
vt 0.265540 0.807637
vt 0.811049 0.110989
vt 0.804694 0.115814
vt 0.689746 0.879553
vt 0.950224 0.972350
vt 0.915207 0.960344
vt 0.920739 0.950239
vt 0.954096 0.962354
vt 0.375121 0.890640
vt 0.370996 0.894778
vt 0.018029 0.792650
vt 0.011086 0.811582
vt 0.010636 0.790258
vt 0.684788 0.075852
vt 0.684173 0.096016
vt 0.571458 0.091715
vt 0.571962 0.076405
vt 0.594265 0.402592
vt 0.610068 0.401258
vt 0.568421 0.151272
vt 0.567469 0.141430
vt 0.015339 0.576028
vt 0.022928 0.623224
vt 0.012302 0.577751
vt 0.345746 0.051857
vt 0.355471 0.063406
vt 0.588873 0.885434
vt 0.603399 0.885528
vt 0.615365 0.909289
vt 0.601376 0.903489
vt 0.967526 0.960017
vt 0.963146 0.967436
vt 0.395233 0.172770
vt 0.973202 0.718272
vt 0.231416 0.845007
vt 0.056136 0.432376
vt 0.059063 0.425587
vt 0.970373 0.880108
vt 0.862550 0.074586
vt 0.862725 0.064835
vt 0.900274 0.086074
vt 0.801891 0.744538
vt 0.801118 0.734207
vt 0.829646 0.739601
vt 0.822508 0.749621
vt 0.567927 0.029791
vt 0.679323 0.027552
vt 0.680021 0.065300
vt 0.568617 0.067180
vt 0.461260 0.854648
vt 0.472400 0.861280
vt 0.468279 0.871806
vt 0.457702 0.869452
vt 0.907160 0.299994
vt 0.942355 0.287074
vt 0.793535 0.216086
vt 0.152879 0.230551
vt 0.153646 0.237464
vt 0.134702 0.229285
vt 0.144623 0.219906
vt 0.583386 0.668919
vt 0.585665 0.709322
vt 0.724507 0.590490
vt 0.723635 0.572659
vt 0.783388 0.591720
vt 0.258671 0.290294
vt 0.712210 0.590822
vt 0.378826 0.800070
vt 0.380508 0.818462
vt 0.932506 0.911871
vt 0.941052 0.917544
vt 0.785176 0.224568
vt 0.204514 0.702424
vt 0.475624 0.902768
vt 0.475872 0.903201
vt 0.478332 0.278628
vt 0.480264 0.266631
vt 0.343733 0.415313
vt 0.052712 0.444161
vt 0.043934 0.435019
vt 0.044791 0.430938
vt 0.900022 0.096820
vt 0.356884 0.546196
vt 0.369765 0.554025
vt 0.370965 0.558152
vt 0.555005 0.474673
vt 0.549674 0.485321
vt 0.538171 0.487239
vt 0.167129 0.042963
vt 0.176714 0.037704
vt 0.198207 0.550474
vt 0.204598 0.559466
vt 0.192236 0.561855
vt 0.187637 0.549657
vt 0.251489 0.556251
vt 0.226104 0.582451
vt 0.345476 0.544515
vt 0.666602 0.590630
vt 0.193172 0.539101
vt 0.183499 0.535692
vt 0.422451 0.267361
vt 0.404925 0.264937
vt 0.853170 0.263123
vt 0.849032 0.247651
vt 0.091658 0.244211
vt 0.117619 0.756957
vt 0.120426 0.760229
vt 0.764538 0.872018
vt 0.762682 0.870800
vt 0.660974 0.660506
vt 0.627865 0.399969
vt 0.348018 0.239349
vt 0.330452 0.246762
vt 0.947607 0.145324
vt 0.890911 0.161123
vt 0.192710 0.481921
vt 0.199569 0.474439
vt 0.201322 0.479502
vt 0.200363 0.488327
vt 0.103726 0.703772
vt 0.021718 0.902326
vt 0.005512 0.902046
vt 0.014046 0.894798
vt 0.134408 0.189312
vt 0.906102 0.534306
vt 0.042638 0.053782
vt 0.024416 0.062224
vt 0.005009 0.014297
vt 0.030348 0.007373
vt 0.498417 0.409155
vt 0.493336 0.397647
vt 0.796567 0.726516
vt 0.789502 0.756366
vt 0.779744 0.754508
vt 0.114019 0.806624
vt 0.076266 0.815341
vt 0.982282 0.324718
vt 0.987882 0.332157
vt 0.714544 0.932247
vt 0.058938 0.294389
vt 0.054387 0.292195
vt 0.069712 0.259688
vt 0.945095 0.911779
vt 0.973477 0.932694
vt 0.970393 0.936633
vt 0.466169 0.464344
vt 0.476973 0.466265
vt 0.482398 0.497777
vt 0.469111 0.500928
vt 0.423726 0.817863
vt 0.407868 0.833782
vt 0.805021 0.696697
vt 0.799909 0.530705
vt 0.092246 0.319354
vt 0.081336 0.311446
vt 0.258877 0.024926
vt 0.332573 0.708246
vt 0.243799 0.032323
vt 0.041844 0.427731
vt 0.341635 0.756161
vt 0.334268 0.733052
vt 0.341442 0.732015
vt 0.980360 0.876240
vt 0.978112 0.886999
vt 0.268486 0.908184
vt 0.273870 0.889363
vt 0.357507 0.878508
vt 0.355198 0.902045
vt 0.137761 0.782366
vt 0.135939 0.793932
vt 0.128602 0.789896
vt 0.849734 0.289143
vt 0.896576 0.406458
vt 0.196349 0.709413
vt 0.411865 0.071305
vt 0.420123 0.031216
vt 0.874800 0.827234
vt 0.879663 0.818015
vt 0.570833 0.455206
vt 0.784144 0.302180
vt 0.659304 0.257663
vt 0.663807 0.244101
vt 0.785917 0.285939
vt 0.938405 0.902945
vt 0.968886 0.419862
vt 0.141064 0.321961
vt 0.128784 0.302100
vt 0.176458 0.329138
vt 0.176146 0.863178
vt 0.134812 0.873302
vt 0.128535 0.829464
vt 0.881143 0.949638
vt 0.338309 0.462129
vt 0.366472 0.547550
vt 0.077552 0.883265
vt 0.078768 0.665325
vt 0.877904 0.165415
vt 0.175452 0.332908
vt 0.791436 0.132184
vt 0.800477 0.148585
vt 0.779419 0.175080
vt 0.768236 0.162019
vt 0.904724 0.266683
vt 0.098870 0.193483
vt 0.099196 0.188745
vt 0.915384 0.076857
vt 0.770250 0.536203
vt 0.023856 0.810665
vt 0.024825 0.813815
vt 0.173796 0.229741
vt 0.170156 0.225378
vt 0.893160 0.306406
vt 0.909570 0.748814
vt 0.902603 0.741204
vt 0.886349 0.192500
vt 0.837011 0.207599
vt 0.828031 0.181540
vt 0.717386 0.213069
vt 0.714459 0.214055
vt 0.291720 0.108528
vt 0.980552 0.862955
vt 0.970393 0.868634
vt 0.431963 0.596842
vt 0.963076 0.480762
vt 0.958680 0.490463
vt 0.169325 0.565767
vt 0.166192 0.548053
vt 0.302905 0.167827
vt 0.312211 0.189205
vt 0.301005 0.170093
vt 0.056938 0.754018
vt 0.062465 0.750151
vt 0.679415 0.321767
vt 0.697098 0.313662
vt 0.491156 0.388105
vt 0.921764 0.333156
vt 0.958714 0.318997
vt 0.027724 0.133817
vt 0.028853 0.148900
vt 0.497616 0.961461
vt 0.572125 0.410186
vt 0.582406 0.410311
vt 0.972998 0.297235
vt 0.982272 0.291606
vt 0.988436 0.307254
vt 0.978468 0.310963
vt 0.080051 0.141855
vt 0.628846 0.512816
vt 0.640400 0.512087
vt 0.069650 0.342895
vt 0.061788 0.344129
vt 0.391659 0.275555
vt 0.396293 0.285708
vt 0.260170 0.843777
vt 0.915414 0.360077
vt 0.926577 0.364179
vt 0.013697 0.326174
vt 0.022396 0.324013
vt 0.254925 0.559019
vt 0.231322 0.587121
vt 0.451672 0.893090
vt 0.449367 0.903637
vt 0.945575 0.870022
vt 0.950178 0.881062
vt 0.450785 0.208678
vt 0.467909 0.209880
vt 0.489677 0.503350
vt 0.107572 0.699641
vt 0.012533 0.818552
vt 0.045475 0.410287
vt 0.335692 0.406697
vt 0.816066 0.148331
vt 0.667121 0.529074
vt 0.671228 0.520286
vt 0.833637 0.702150
vt 0.142972 0.340439
vt 0.968529 0.315712
vt 0.051959 0.453545
vt 0.142287 0.327265
vt 0.119236 0.340406
vt 0.131552 0.214475
vt 0.250916 0.267103
vt 0.252798 0.288657
vt 0.958008 0.977130
vt 0.465687 0.884709
vt 0.454213 0.882556
vt 0.646247 0.411819
vt 0.312876 0.949360
vt 0.315156 0.955712
vt 0.311130 0.962084
vt 0.307266 0.950708
vt 0.237873 0.542815
vt 0.817266 0.100104
vt 0.822642 0.103715
vt 0.667285 0.574473
vt 0.712711 0.574144
vt 0.733675 0.291790
vt 0.267618 0.170594
vt 0.065881 0.714526
vt 0.106109 0.725693
vt 0.730072 0.906377
vt 0.728931 0.869565
vt 0.732491 0.905533
vt 0.360593 0.848386
vt 0.676667 0.886521
vt 0.674328 0.879039
vt 0.535484 0.341332
vt 0.589025 0.183375
vt 0.081275 0.627536
vt 0.119562 0.509816
vt 0.487187 0.865610
vt 0.500403 0.867487
vt 0.486413 0.881965
vt 0.121610 0.814448
vt 0.119036 0.812831
vt 0.122317 0.807375
vt 0.438035 0.328599
vt 0.445349 0.332240
vt 0.169205 0.231495
vt 0.418305 0.448151
vt 0.160062 0.679352
vt 0.148063 0.683067
vt 0.976156 0.215556
vt 0.173329 0.342959
vt 0.574807 0.335794
vt 0.462473 0.316718
vt 0.469628 0.317793
vt 0.197635 0.581457
vt 0.190822 0.585625
vt 0.182119 0.577740
vt 0.189745 0.574723
vt 0.872949 0.982936
vt 0.378320 0.174918
vt 0.160001 0.165062
vt 0.155911 0.173985
vt 0.653778 0.760932
vt 0.654428 0.727111
vt 0.502421 0.326370
vt 0.515787 0.328904
vt 0.517094 0.337919
vt 0.501231 0.335579
vt 0.342486 0.175957
vt 0.350403 0.163114
vt 0.026489 0.797086
vt 0.060875 0.778152
vt 0.067283 0.794268
vt 0.028615 0.806101
vt 0.178045 0.489374
vt 0.186111 0.499128
vt 0.121362 0.504367
vt 0.659695 0.795405
vt 0.715774 0.788087
vt 0.985983 0.249075
vt 0.981322 0.233796
vt 0.060620 0.360023
vt 0.085462 0.253021
vt 0.757928 0.322317
vt 0.275710 0.422569
vt 0.359807 0.344800
vt 0.369010 0.353708
vt 0.108425 0.511677
vt 0.073370 0.621029
vt 0.260491 0.462614
vt 0.269901 0.462977
vt 0.260311 0.504390
vt 0.901279 0.329519
vt 0.902764 0.333450
vt 0.252092 0.016669
vt 0.206244 0.259148
vt 0.210883 0.244619
vt 0.201980 0.598534
vt 0.208699 0.593784
vt 0.219402 0.605029
vt 0.215033 0.612878
vt 0.628666 0.406874
vt 0.459975 0.291791
vt 0.473084 0.287109
vt 0.465689 0.293302
vt 0.112628 0.461740
vt 0.113275 0.469826
vt 0.754264 0.907291
vt 0.124372 0.798920
vt 0.233098 0.601842
vt 0.224049 0.595304
vt 0.307729 0.558918
vt 0.137033 0.641303
vt 0.133635 0.651756
vt 0.480514 0.450225
vt 0.923534 0.383566
vt 0.682761 0.876812
vt 0.683620 0.872248
vt 0.893477 0.350114
vt 0.904461 0.653098
vt 0.894254 0.639655
vt 0.895145 0.634708
vt 0.903817 0.648325
vt 0.858527 0.847218
vt 0.866179 0.855392
vt 0.340577 0.707939
vt 0.615817 0.498543
vt 0.831261 0.905635
vt 0.820454 0.902203
vt 0.206681 0.577723
vt 0.200467 0.571544
vt 0.500223 0.201650
vt 0.501347 0.191085
vt 0.512484 0.190451
vt 0.513957 0.200833
vt 0.487221 0.453558
vt 0.480224 0.459858
vt 0.067816 0.358957
vt 0.096175 0.202572
vt 0.086856 0.198998
vt 0.088771 0.189559
vt 0.970597 0.409084
vt 0.569364 0.465434
vt 0.568073 0.482666
vt 0.523216 0.728755
vt 0.522870 0.667504
vt 0.069447 0.805311
vt 0.029725 0.812249
vt 0.100585 0.180506
vt 0.091199 0.185537
vt 0.092945 0.177493
vt 0.382199 0.830724
vt 0.923804 0.792266
vt 0.936358 0.796881
vt 0.930949 0.805855
vt 0.715371 0.926446
vt 0.698607 0.902397
vt 0.203920 0.271758
vt 0.228764 0.294941
vt 0.914063 0.761874
vt 0.898326 0.767361
vt 0.897677 0.761667
vt 0.463495 0.186125
vt 0.472601 0.190589
vt 0.904921 0.341377
vt 0.904139 0.958771
vt 0.847862 0.056543
vt 0.681557 0.406524
vt 0.857628 0.102972
vt 0.900904 0.321154
vt 0.023297 0.693890
vt 0.010507 0.656452
vt 0.322350 0.913910
vt 0.363899 0.902709
vt 0.321667 0.921342
vt 0.540632 0.392609
vt 0.522439 0.387871
vt 0.044942 0.612188
vt 0.051809 0.577259
vt 0.208632 0.804763
vt 0.213859 0.804151
vt 0.324505 0.684381
vt 0.895607 0.311739
vt 0.796553 0.127264
vt 0.054246 0.005000
vt 0.076165 0.006574
vt 0.069136 0.028874
vt 0.057189 0.042007
vt 0.040268 0.439793
vt 0.507167 0.385267
vt 0.594819 0.408760
vt 0.611519 0.407318
vt 0.138569 0.629630
vt 0.144245 0.636464
vt 0.133002 0.632963
vt 0.665851 0.389015
vt 0.069568 0.113282
vt 0.071984 0.120662
vt 0.035948 0.130339
vt 0.035003 0.124050
vt 0.839467 0.924630
vt 0.910458 0.086559
vt 0.909868 0.096538
vt 0.502511 0.506624
vt 0.496731 0.512259
vt 0.479194 0.509200
vt 0.250584 0.598472
vt 0.026982 0.619043
vt 0.032071 0.631253
vt 0.027737 0.633138
vt 0.397327 0.315736
vt 0.202124 0.344793
vt 0.190113 0.530087
vt 0.216992 0.587992
vt 0.443637 0.917644
vt 0.439355 0.927852
vt 0.853077 0.066013
vt 0.527369 0.493626
vt 0.123266 0.670246
vt 0.257202 0.642446
vt 0.881813 0.332322
vt 0.883979 0.322064
vt 0.454212 0.680025
vt 0.574700 0.521328
vt 0.592833 0.543760
vt 0.060180 0.772672
vt 0.513789 0.500899
vt 0.494673 0.467222
vt 0.186873 0.271930
vt 0.180121 0.271886
vt 0.400178 0.100690
vt 0.390202 0.084719
vt 0.966376 0.284798
vt 0.975465 0.278264
vt 0.037541 0.151811
vt 0.113979 0.753021
vt 0.993533 0.629149
vt 0.410312 0.391814
vt 0.366720 0.394973
vt 0.962808 0.573848
vt 0.972255 0.612303
vt 0.958887 0.604649
vt 0.717954 0.916271
vt 0.008216 0.280153
vt 0.667504 0.560712
vt 0.516479 0.210911
vt 0.406092 0.631720
vt 0.407909 0.621793
vt 0.756509 0.935170
vt 0.018249 0.576948
vt 0.346655 0.709655
vt 0.167517 0.154539
vt 0.170032 0.157931
vt 0.116642 0.294398
vt 0.120231 0.309810
vt 0.111791 0.314255
vt 0.032564 0.612549
vt 0.038161 0.610224
vt 0.454346 0.070074
vt 0.047068 0.407605
vt 0.039839 0.401407
vt 0.317041 0.931285
vt 0.317931 0.928184
vt 0.051436 0.329720
vt 0.192313 0.262898
vt 0.562590 0.412388
vt 0.560640 0.402927
vt 0.570028 0.402042
vt 0.027589 0.317105
vt 0.484438 0.200422
vt 0.334405 0.154123
vt 0.330457 0.160690
vt 0.581101 0.404701
vt 0.340352 0.845656
vt 0.796139 0.512777
vt 0.018824 0.152129
vt 0.027721 0.152920
vt 0.033610 0.161773
vt 0.008655 0.155113
vt 0.115598 0.746140
vt 0.257431 0.784295
vt 0.073555 0.236084
vt 0.979878 0.850291
vt 0.968506 0.854703
vt 0.924430 0.815523
vt 0.432740 0.448980
vt 0.172562 0.739686
vt 0.175316 0.751556
vt 0.138353 0.768842
vt 0.407730 0.276006
vt 0.411110 0.285470
vt 0.800747 0.049302
vt 0.459056 0.274096
vt 0.637319 0.845497
vt 0.069992 0.043671
vt 0.098087 0.023456
vt 0.108030 0.054447
vt 0.748397 0.247895
vt 0.739300 0.226158
vt 0.936892 0.371941
vt 0.939153 0.378987
vt 0.554853 0.396565
vt 0.217097 0.631966
vt 0.226036 0.622266
vt 0.237808 0.645592
vt 0.939280 0.384382
vt 0.945988 0.388963
vt 0.726794 0.093801
vt 0.729099 0.089928
vt 0.552678 0.316259
vt 0.553822 0.321204
vt 0.108019 0.348148
vt 0.103962 0.327248
vt 0.729242 0.205717
vt 0.720342 0.215792
vt 0.032986 0.461592
vt 0.586496 0.893808
vt 0.587264 0.900322
vt 0.571217 0.886847
vt 0.568257 0.879959
vt 0.869055 0.835380
vt 0.021623 0.639513
vt 0.959847 0.874461
vt 0.956241 0.860927
vt 0.406012 0.839057
vt 0.416339 0.840136
vt 0.111593 0.342569
vt 0.110152 0.359832
vt 0.731771 0.212352
vt 0.174512 0.033663
vt 0.164873 0.034652
vt 0.242796 0.013428
vt 0.236979 0.030949
vt 0.228891 0.032313
vt 0.919104 0.355655
vt 0.061734 0.646772
vt 0.131804 0.027155
vt 0.133845 0.011260
vt 0.292889 0.495518
vt 0.327642 0.470204
vt 0.108523 0.471567
vt 0.089300 0.482016
vt 0.262854 0.906921
vt 0.525597 0.954567
vt 0.721498 0.404794
vt 0.095691 0.983097
vt 0.130458 0.985234
vt 0.667542 0.544478
vt 0.425824 0.319169
vt 0.352119 0.337154
vt 0.009891 0.230776
vt 0.478381 0.866414
vt 0.442296 0.450406
vt 0.339683 0.966682
vt 0.045170 0.619189
vt 0.893555 0.214711
vt 0.286036 0.095674
vt 0.234769 0.128611
vt 0.359945 0.309502
vt 0.796117 0.901837
vt 0.675190 0.872658
vt 0.679041 0.876317
vt 0.025645 0.572008
vt 0.760545 0.260225
vt 0.053459 0.765766
vt 0.085920 0.844538
vt 0.610608 0.683557
vt 0.616777 0.688304
vt 0.990413 0.263179
vt 0.632681 0.858278
vt 0.964613 0.565910
vt 0.423460 0.076379
vt 0.418180 0.080283
vt 0.659247 0.954704
vt 0.648887 0.983729
vt 0.027537 0.818234
vt 0.797068 0.612514
vt 0.945063 0.533329
vt 0.952287 0.535893
vt 0.070760 0.815930
vt 0.317913 0.327906
vt 0.111023 0.479555
vt 0.112780 0.474491
vt 0.111974 0.488383
vt 0.060653 0.044575
vt 0.170206 0.241803
vt 0.171822 0.235965
vt 0.836290 0.093628
vt 0.200443 0.534152
vt 0.202786 0.493933
vt 0.016936 0.380587
vt 0.521633 0.094167
vt 0.523412 0.074605
vt 0.874376 0.863943
vt 0.171232 0.160037
vt 0.039673 0.574110
vt 0.326999 0.307994
vt 0.313055 0.329179
vt 0.841925 0.896923
vt 0.081996 0.239655
vt 0.491059 0.191017
vt 0.479513 0.190364
vt 0.488264 0.187543
vt 0.057818 0.748134
vt 0.030903 0.746987
vt 0.128484 0.662059
vt 0.935373 0.466103
vt 0.723526 0.220543
vt 0.302036 0.344063
vt 0.917314 0.516454
vt 0.933262 0.527749
vt 0.675439 0.891801
vt 0.921477 0.586609
vt 0.207282 0.038638
vt 0.903437 0.504937
vt 0.899452 0.106112
vt 0.909070 0.105448
vt 0.605640 0.318658
vt 0.622873 0.316726
vt 0.370710 0.865487
vt 0.379028 0.887924
vt 0.285628 0.959066
vt 0.460578 0.568982
vt 0.600128 0.910877
vt 0.465778 0.966816
vt 0.459239 0.960597
vt 0.306690 0.219382
vt 0.299971 0.227370
vt 0.229563 0.611853
vt 0.047226 0.311596
vt 0.045885 0.330174
vt 0.802255 0.063897
vt 0.342319 0.780131
vt 0.776807 0.452512
vt 0.775724 0.472386
vt 0.714607 0.474355
vt 0.719615 0.454258
vt 0.056002 0.310443
vt 0.067425 0.707780
vt 0.071100 0.699695
vt 0.434842 0.609315
vt 0.648444 0.439337
vt 0.961494 0.142575
vt 0.832656 0.095249
vt 0.835161 0.098541
vt 0.038019 0.845684
vt 0.036272 0.885144
vt 0.473317 0.889141
vt 0.041948 0.617613
vt 0.459097 0.067684
vt 0.468372 0.064712
vt 0.415348 0.429961
vt 0.365461 0.434780
vt 0.812794 0.095607
vt 0.336470 0.685116
vt 0.334021 0.662196
vt 0.050621 0.896591
vt 0.260622 0.623872
vt 0.496036 0.460967
vt 0.707165 0.475645
vt 0.523658 0.188241
vt 0.527203 0.198053
vt 0.810501 0.924611
vt 0.814202 0.915743
vt 0.821040 0.913401
vt 0.384119 0.840630
vt 0.849526 0.629380
vt 0.842366 0.606160
vt 0.067639 0.299011
vt 0.049173 0.289941
vt 0.090998 0.313623
vt 0.915472 0.084557
vt 0.924684 0.074939
vt 0.924445 0.081499
vt 0.498918 0.454389
vt 0.022955 0.834030
vt 0.068902 0.837719
vt 0.067685 0.844951
vt 0.022385 0.841684
vt 0.347712 0.150668
vt 0.335844 0.128347
vt 0.351731 0.149790
vt 0.393688 0.855480
vt 0.985994 0.833116
vt 0.701103 0.454208
vt 0.870581 0.884582
vt 0.904029 0.914505
vt 0.936132 0.750292
vt 0.928095 0.742867
vt 0.738884 0.253195
vt 0.921455 0.766849
vt 0.076529 0.691027
vt 0.120972 0.852322
vt 0.075811 0.856272
vt 0.897026 0.788214
vt 0.852537 0.789932
vt 0.145628 0.948276
vt 0.141287 0.914190
vt 0.805031 0.091627
vt 0.348423 0.972041
vt 0.937692 0.707730
vt 0.851993 0.270256
vt 0.842327 0.266014
vt 0.055057 0.691795
vt 0.923733 0.907130
vt 0.933788 0.379097
vt 0.725055 0.145705
vt 0.166012 0.530565
vt 0.072552 0.167257
vt 0.079255 0.171040
vt 0.068884 0.883760
vt 0.377130 0.897062
vt 0.612529 0.512573
vt 0.885610 0.441829
vt 0.666994 0.501791
vt 0.417956 0.317496
vt 0.440476 0.269925
vt 0.960150 0.784137
vt 0.947560 0.799593
vt 0.113768 0.272781
vt 0.117977 0.279983
vt 0.971442 0.772921
vt 0.529890 0.102560
vt 0.843809 0.229461
vt 0.856228 0.276481
vt 0.730121 0.286157
vt 0.028651 0.164239
vt 0.362206 0.084679
vt 0.912416 0.663275
vt 0.914179 0.658207
vt 0.025999 0.128382
vt 0.795796 0.591962
vt 0.176397 0.699925
vt 0.157786 0.695389
vt 0.832866 0.230136
vt 0.922931 0.665788
vt 0.921506 0.678196
vt 0.696053 0.110554
vt 0.130267 0.034203
vt 0.105500 0.270008
vt 0.458547 0.729143
vt 0.802891 0.126952
vt 0.808071 0.142674
vt 0.804095 0.144927
vt 0.199068 0.469767
vt 0.408580 0.316279
vt 0.092273 0.512459
vt 0.112751 0.499060
vt 0.116643 0.502930
vt 0.095810 0.514921
vt 0.797576 0.278085
vt 0.492301 0.314193
vt 0.503795 0.313917
vt 0.830341 0.443203
vt 0.874772 0.441438
vt 0.683546 0.016688
vt 0.570947 0.020508
vt 0.259996 0.829615
vt 0.046224 0.892972
vt 0.011958 0.851281
vt 0.298174 0.102890
vt 0.346508 0.318037
vt 0.709288 0.037746
vt 0.685302 0.037673
vt 0.690520 0.012244
vt 0.704225 0.012285
vt 0.005107 0.581082
vt 0.924217 0.706726
vt 0.384884 0.168507
vt 0.726159 0.262154
vt 0.259469 0.808824
vt 0.915029 0.682806
vt 0.909812 0.674276
vt 0.417246 0.441934
vt 0.945363 0.701933
vt 0.043336 0.525183
vt 0.042187 0.509995
vt 0.089224 0.530400
vt 0.782410 0.452076
vt 0.007819 0.637831
vt 0.727906 0.907097
vt 0.347568 0.303607
vt 0.086709 0.174690
vt 0.346783 0.153884
vt 0.896709 0.300841
vt 0.073334 0.864930
vt 0.842953 0.785146
vt 0.840224 0.630058
vt 0.959637 0.542063
vt 0.972789 0.549697
vt 0.438756 0.185875
vt 0.251975 0.699579
vt 0.541255 0.426442
vt 0.456584 0.317794
vt 0.167942 0.233785
vt 0.166308 0.237522
vt 0.218147 0.317448
vt 0.746012 0.918042
vt 0.992399 0.320917
vt 0.995000 0.324286
vt 0.139303 0.993614
vt 0.083433 0.994977
vt 0.975141 0.769628
vt 0.567325 0.322200
vt 0.186365 0.712972
vt 0.951663 0.696071
vt 0.929605 0.661464
vt 0.151444 0.995000
vt 0.148863 0.981339
vt 0.254263 0.006397
vt 0.396675 0.858514
vt 0.397965 0.848636
vt 0.103085 0.669303
vt 0.512613 0.316007
vt 0.602707 0.542819
vt 0.098370 0.421250
vt 0.258532 0.695912
vt 0.565138 0.164085
vt 0.060659 0.098285
vt 0.837965 0.613631
vt 0.431605 0.077299
vt 0.534521 0.070870
vt 0.645541 0.947060
vt 0.065249 0.973207
vt 0.522603 0.967097
vt 0.695456 0.440977
vt 0.662598 0.441238
vt 0.693216 0.437859
vt 0.583581 0.161608
vt 0.591155 0.164603
vt 0.250277 0.543160
vt 0.011513 0.826733
vt 0.073769 0.653814
vt 0.108100 0.664958
vt 0.887787 0.312385
vt 0.810448 0.132483
vt 0.010176 0.505779
vt 0.012517 0.503117
vt 0.035772 0.511877
vt 0.032324 0.513054
vt 0.480714 0.317631
vt 0.884440 0.446244
vt 0.891327 0.517365
vt 0.253322 0.712986
vt 0.455687 0.454029
vt 0.460675 0.535396
vt 0.197562 0.251638
vt 0.005000 0.853186
vt 0.076360 0.145032
vt 0.454872 0.314071
vt 0.444085 0.314290
vt 0.406433 0.350049
vt 0.166880 0.240829
vt 0.877212 0.982920
vt 0.292146 0.091454
vt 0.908515 0.296030
vt 0.538513 0.514495
vt 0.831801 0.092638
vt 0.984180 0.565950
vt 0.505483 0.432671
vt 0.168203 0.151244
vt 0.500925 0.282462
vt 0.364151 0.170980
vt 0.681888 0.035937
vt 0.888487 0.638424
vt 0.139861 0.980807
vt 0.965790 0.484095
vt 0.080853 0.982821
vt 0.432244 0.328569
vt 0.712712 0.036031
vt 0.712774 0.910723
s 1
f 1/1/1 2/2/1 3/3/1 4/4/1
f 5/5/2 6/6/2 7/7/2 8/8/2
f 9/9/3 10/10/3 11/11/4 12/12/4
f 13/13/2 14/14/2 15/15/2 16/16/2
f 17/17/5 18/18/5 19/19/5 20/20/5
f 21/21/5 22/22/5 23/23/5 24/24/5
f 25/25/6 26/26/7 27/27/7 28/28/6
f 29/29/2 30/30/2 31/31/2 32/32/2
f 33/33/8 34/34/9 35/35/10 36/36/11
f 37/37/2 38/38/2 39/39/2 40/40/2
f 41/41/2 42/42/2 43/43/2 44/44/2
f 45/45/2 46/46/2 47/47/2 48/48/2
f 49/49/12 50/50/12 51/51/12 52/52/12
f 53/53/2 54/54/2 55/55/2 56/56/2
f 57/57/2 58/58/2 59/59/2 60/60/2
f 61/61/13 62/62/13 63/63/13 64/64/13
f 65/65/14 66/66/14 67/67/15 68/68/16
f 69/69/17 70/70/18 71/71/18 72/72/17
f 73/73/19 74/74/20 75/75/5 76/76/5
f 77/77/21 78/78/22 79/79/23 80/80/24
f 81/81/25 82/82/26 83/83/27 84/84/27
f 85/85/28 86/86/28 87/87/28 88/88/28
f 89/89/29 90/90/30 91/91/31 92/92/32
f 93/93/33 94/94/34 95/95/35 96/96/36
f 97/97/5 98/98/5 99/99/5 100/100/5
f 101/101/5 102/102/5 103/103/5 104/104/5
f 105/105/5 106/106/5 107/107/5 108/108/5
f 109/109/37 37/37/37 40/40/37 66/110/37
f 110/111/38 111/112/38 112/113/38 113/114/38
f 114/115/39 115/116/40 116/117/41 117/118/42
f 107/119/43 106/120/44 118/121/44 119/122/43
f 120/123/45 121/124/45 122/125/45 123/126/45
f 124/127/46 125/128/46 126/129/46 127/130/46
f 128/131/5 129/132/5 130/133/5 131/134/5
f 132/135/47 133/136/48 134/137/49 135/138/50
f 136/139/51 137/140/51 138/141/51 139/142/51
f 140/143/45 141/144/45 142/145/45 143/146/45
f 144/147/52 145/148/53 146/149/53 147/150/54
f 148/151/55 149/152/56 150/153/57 151/154/58
f 152/155/59 153/156/60 154/157/61 155/158/62
f 156/159/63 157/160/64 158/161/64 159/162/63
f 160/163/65 161/164/66 162/165/66 163/166/65
f 164/167/67 165/168/67 109/109/67 166/169/67
f 167/170/68 168/171/69 169/172/70 170/173/70
f 171/174/71 172/175/72 173/176/73 174/177/71
f 175/178/74 176/179/74 177/180/74 178/181/74
f 179/182/75 180/183/75 181/184/75 182/185/75
f 183/186/76 184/187/76 185/188/76 186/189/76
f 187/190/77 188/191/77 189/192/77 190/193/77
f 191/194/78 192/195/78 193/196/78 194/197/78
f 195/198/79 196/199/80 197/200/81 198/201/82
f 199/202/83 200/203/83 201/204/83 202/205/83
f 203/206/84 204/207/85 205/208/85 206/209/86
f 207/210/87 208/211/87 209/212/87 210/213/87
f 211/214/88 212/215/88 172/216/88 213/217/88
f 214/218/89 215/219/90 216/220/90 101/101/89
f 217/221/91 218/222/91 219/223/91 220/224/91
f 221/225/92 222/226/92 223/227/92 224/228/92
f 225/229/5 226/230/5 227/231/5 228/232/5
f 229/233/93 230/234/93 231/235/93 232/236/93
f 233/237/94 234/238/95 235/239/95 236/240/94
f 237/241/5 238/242/5 217/221/5 239/243/5
f 240/244/96 241/245/97 242/246/98 243/247/98
f 244/248/3 245/249/3 246/250/3 247/251/3
f 169/252/99 248/253/99 249/254/99 250/255/99
f 251/256/100 252/257/100 253/258/101 254/259/101
f 255/260/2 256/261/2 257/262/2 258/263/2
f 259/264/102 260/265/102 261/266/102 262/267/102
f 263/268/103 264/269/104 265/270/105 266/271/106
f 173/176/5 267/272/5 268/273/5 269/274/5
f 270/275/107 271/276/108 272/277/109 273/278/110
f 274/279/111 275/280/111 276/281/111 277/282/111
f 278/283/112 279/284/112 280/285/113 281/286/113
f 282/287/114 283/288/115 284/289/116 285/290/114
f 119/122/2 118/121/2 286/291/2 287/292/2
f 115/116/40 288/293/117 289/294/118 116/117/41
f 290/295/119 291/296/120 292/297/120 293/298/119
f 294/299/121 295/300/121 296/301/121 297/302/121
f 298/303/122 202/304/122 299/305/123 300/306/123
f 301/307/5 84/84/5 302/308/5 303/309/5
f 304/310/124 305/311/124 306/312/124 307/313/124
f 308/314/125 309/315/126 310/316/127 311/317/128
f 312/318/129 313/319/130 314/320/131 315/321/132
f 316/322/5 317/323/5 318/324/5 319/325/5
f 320/326/133 321/327/133 322/328/133 323/329/133
f 324/330/2 325/331/2 326/332/2 327/333/2
f 318/324/134 328/334/135 329/335/136 330/336/136
f 331/337/137 332/338/138 333/339/138 334/340/137
f 335/341/139 336/342/139 337/343/139 224/228/139
f 338/344/140 339/345/141 340/346/141 341/347/142
f 342/348/143 343/349/144 344/350/145 345/351/143
f 346/352/5 347/353/5 348/354/5 349/355/5
f 350/356/146 351/357/147 352/358/148 353/359/149
f 354/360/150 355/361/150 356/362/150 357/363/150
f 358/364/2 359/365/2 360/366/2 361/367/2
f 362/368/151 363/369/152 364/370/153 365/371/154
f 366/372/155 367/373/155 368/374/155 369/375/155
f 172/216/72 212/215/156 267/376/156 173/377/73
f 370/378/157 371/379/157 372/380/157 373/381/157
f 198/201/5 374/382/5 375/383/5 195/198/5
f 376/384/158 377/385/159 378/386/160 379/387/161
f 380/388/162 206/389/163 381/390/163 382/391/162
f 383/392/77 384/393/77 385/394/77 386/395/77
f 88/88/5 387/396/5 388/397/5 389/398/5
f 390/399/164 391/400/164 392/401/137 393/402/137
f 394/403/165 395/404/165 396/405/165 397/406/165
f 398/407/166 245/249/166 244/248/166 399/408/166
f 400/409/2 401/410/2 402/411/2 403/412/2
f 404/413/5 405/414/5 406/415/5 407/416/5
f 408/417/2 409/418/2 410/419/2 411/420/2
f 412/421/167 413/422/168 414/423/169 415/424/169
f 416/425/2 417/426/2 418/427/2 419/428/2
f 407/429/170 406/430/170 420/431/170 421/432/170
f 422/433/171 160/163/65 163/166/65 423/434/171
f 165/168/172 424/435/172 37/37/172 109/109/172
f 425/436/173 426/437/174 9/9/174 12/12/175
f 427/438/63 428/439/63 429/440/63 430/441/63
f 431/442/133 432/443/133 275/444/133 433/445/133
f 434/446/176 435/447/176 436/448/176 437/449/176
f 438/450/177 439/451/178 440/452/179 441/453/177
f 442/454/180 443/455/180 444/456/180 445/457/180
f 257/262/181 211/214/181 213/217/182 359/458/183
f 446/459/184 135/138/185 447/460/186 448/461/187
f 371/379/188 449/462/188 450/463/188 451/464/188
f 452/465/5 453/466/5 454/467/5 455/468/5
f 456/469/189 457/470/189 458/471/189 459/472/189
f 460/473/180 461/474/190 462/475/191 463/476/180
f 464/477/192 465/478/192 466/479/192 467/480/192
f 35/35/193 468/481/193 469/482/193 470/483/193
f 471/484/194 472/485/194 473/486/194 474/487/194
f 475/488/195 476/489/195 477/490/196 478/491/196
f 174/177/5 173/176/5 269/274/5 479/492/5
f 480/493/197 481/494/198 238/242/199 237/241/199
f 482/495/200 483/496/200 484/497/201 10/10/201
f 485/498/202 486/499/202 487/500/202 488/501/202
f 489/502/2 490/503/2 491/504/2 492/505/2
f 493/506/203 494/507/203 78/78/22 77/77/21
f 495/508/204 496/509/205 497/510/205 498/511/204
f 491/504/206 499/512/206 500/513/206 492/505/206
f 501/514/207 53/53/208 56/56/209 502/515/209
f 497/510/210 503/516/211 504/517/211 505/518/210
f 506/519/212 507/520/212 508/521/212 298/522/212
f 509/523/213 1/1/214 4/4/214 510/524/213
f 511/525/215 512/526/215 513/527/215 514/528/215
f 515/529/216 516/530/216 517/531/216 518/532/216
f 519/533/92 520/534/92 521/535/217 522/536/217
f 523/537/218 524/538/219 525/539/220 526/540/221
f 527/541/222 528/542/223 529/543/223 530/544/224
f 531/545/225 532/546/225 424/435/225 165/168/225
f 27/547/226 533/548/227 534/549/228 419/428/229
f 535/550/230 536/551/230 136/139/230 537/552/230
f 538/553/231 539/554/231 184/555/231 183/556/231
f 540/557/232 541/558/232 542/559/233 543/560/233
f 544/561/2 545/562/2 546/563/2 547/564/2
f 548/565/234 549/566/234 550/567/234 551/568/234
f 317/323/235 552/569/236 328/334/135 318/324/134
f 553/570/237 554/571/238 555/572/239 556/573/240
f 557/574/241 558/575/241 559/576/241 560/577/241
f 561/578/242 562/579/243 563/580/244 564/581/245
f 428/439/246 565/582/246 566/583/246 429/440/246
f 567/584/247 568/585/247 569/586/248 570/587/249
f 571/588/180 572/589/250 281/590/251 573/591/180
f 155/158/62 154/157/61 574/592/252 575/593/253
f 576/594/254 577/595/254 578/596/254 579/597/254
f 14/14/2 580/598/2 581/599/2 15/15/2
f 582/600/255 264/601/256 583/602/257 584/603/258
f 585/604/259 586/605/259 587/606/259 588/607/259
f 589/608/260 590/609/261 149/610/56 148/611/55
f 275/444/1 432/443/1 591/612/1 276/613/1
f 592/614/262 593/615/263 594/616/263 595/617/262
f 596/618/264 597/619/264 598/620/264 599/621/264
f 600/622/265 601/623/265 602/624/265 603/625/265
f 604/626/266 605/627/266 496/509/267 606/628/267
f 607/629/2 608/630/2 54/54/2 53/53/2
f 609/631/268 610/632/268 611/633/268 294/299/268
f 461/634/190 225/229/269 231/635/269 462/636/191
f 612/637/270 314/638/271 613/639/271 614/640/272
f 615/641/2 616/642/2 324/643/2 617/644/2
f 618/645/273 619/646/273 620/647/273 279/284/273
f 621/648/170 622/649/170 623/650/170 624/651/170
f 393/402/274 625/652/274 626/653/274 627/654/274
f 628/655/275 456/469/276 459/472/276 629/656/277
f 630/657/278 631/658/279 632/659/280 633/660/281
f 634/661/2 489/502/2 492/505/2 635/662/2
f 636/663/282 637/664/282 638/665/283 639/666/283
f 640/667/5 641/668/5 642/669/5 643/670/5
f 40/40/2 39/39/2 608/671/2 607/672/2
f 644/673/284 645/674/284 413/422/168 412/421/167
f 271/276/108 417/426/285 646/675/286 272/277/109
f 268/676/287 647/677/288 648/678/289 540/679/290
f 649/680/291 650/681/291 651/682/291 652/683/291
f 653/684/292 654/685/292 655/686/292 656/687/292
f 657/688/2 658/689/2 659/690/2 660/691/2
f 661/692/293 662/693/294 663/694/294 664/695/293
f 665/696/2 490/503/2 666/697/2 667/698/2
f 668/699/5 669/700/5 670/701/5 671/702/5
f 672/703/2 487/500/2 486/499/2 516/530/2
f 673/704/295 576/594/296 579/597/296 674/705/297
f 675/706/298 676/707/298 677/708/298 678/709/298
f 580/598/2 679/710/2 680/711/299 581/599/2
f 512/526/300 511/525/300 681/712/300 682/713/300
f 683/714/301 684/715/302 685/716/302 686/717/301
f 687/718/303 688/719/304 297/302/305 296/301/305
f 201/204/2 589/608/2 148/611/2 689/720/2
f 690/721/306 691/722/306 692/723/306 693/724/306
f 694/725/307 527/541/222 530/544/224 695/726/308
f 696/727/309 697/728/310 698/729/311 42/42/312
f 699/730/313 700/731/313 701/732/313 702/733/313
f 703/734/314 316/322/315 319/325/316 704/735/317
f 705/736/318 706/737/319 416/425/320 707/738/321
f 708/739/2 709/740/2 710/741/2 711/742/2
f 712/743/5 713/744/5 714/745/5 715/746/5
f 716/747/322 717/748/322 718/749/322 719/750/322
f 123/751/323 720/752/323 721/753/323 722/754/323
f 723/755/5 627/654/5 144/756/5 435/757/5
f 611/633/324 610/632/324 724/758/324 725/759/324
f 726/760/215 727/761/215 465/478/215 728/762/215
f 729/763/325 667/698/326 666/697/327 730/764/327
f 731/765/328 732/766/329 733/767/329 734/768/328
f 735/769/330 736/770/331 737/771/332 738/772/333
f 417/426/285 416/425/320 706/737/319 646/675/286
f 739/773/334 119/122/2 287/292/2 740/774/335
f 741/775/170 742/776/170 743/777/170 372/380/170
f 744/778/336 535/550/336 133/136/48 132/135/47
f 745/779/337 746/780/338 747/781/339 748/782/340
f 138/141/2 749/783/2 750/784/2 751/785/2
f 752/786/2 415/424/2 79/787/2 753/788/2
f 754/789/341 755/790/342 756/791/343 331/792/343
f 757/793/344 758/794/344 759/795/344 760/796/344
f 761/797/345 762/798/345 763/799/345 764/800/345
f 765/801/5 766/802/5 767/803/5 768/804/5
f 517/531/2 769/805/2 770/806/2 771/807/2
f 648/678/346 772/808/346 541/809/232 540/679/232
f 303/309/347 302/308/347 354/360/347 357/363/347
f 125/128/348 124/127/348 773/810/348 774/811/348
f 775/812/349 776/813/350 605/627/266 604/626/266
f 777/814/351 778/815/351 779/816/351 780/817/351
f 38/38/352 781/818/352 782/819/353 39/39/354
f 783/820/355 784/821/355 472/485/355 471/484/355
f 785/822/356 786/823/356 649/824/356 652/825/356
f 787/826/357 788/827/357 789/828/358 790/829/358
f 222/226/359 791/830/359 792/831/359 793/832/359
f 794/833/5 795/834/5 796/835/5 797/836/5
f 798/837/360 263/268/360 799/838/360 800/839/360
f 801/840/361 802/841/362 528/542/362 527/541/363
f 803/842/364 739/773/334 740/774/335 804/843/365
f 805/844/2 806/845/2 807/846/2 808/847/2
f 143/146/366 390/399/367 713/744/368 712/743/369
f 809/848/370 810/849/371 811/850/371 812/851/370
f 813/852/372 814/853/372 815/854/372 700/731/372
f 762/798/373 816/855/373 817/856/373 763/799/373
f 818/857/374 819/858/375 316/322/315 703/734/314
f 239/243/376 217/221/376 220/224/376 820/859/376
f 574/592/377 821/860/377 822/861/377 823/862/377
f 299/305/378 689/863/379 824/864/380 825/865/381
f 826/866/382 827/867/383 828/868/384 829/869/385
f 830/870/386 831/871/386 573/591/386 832/872/386
f 833/873/2 311/317/2 834/874/2 835/875/2
f 836/876/1 837/877/1 838/878/1 839/879/1
f 840/880/2 841/881/2 842/882/2 843/883/2
f 844/884/387 845/885/388 684/715/389 846/886/390
f 95/887/5 847/888/5 506/519/5 848/889/5
f 849/890/391 467/480/391 850/891/391 851/892/391
f 852/893/392 853/894/392 854/895/392 855/896/392
f 430/441/393 856/897/393 857/898/393 858/899/393
f 859/900/394 860/901/395 861/902/396 732/766/397
f 862/903/225 863/904/225 864/905/225 865/906/225
f 866/907/133 250/255/133 867/908/133 868/909/133
f 869/910/398 870/911/398 871/912/398 872/913/398
f 76/76/399 557/574/399 208/211/400 873/914/401
f 397/406/402 396/405/402 874/915/402 499/512/402
f 875/916/403 876/917/404 877/918/404 878/919/403
f 825/865/381 824/864/380 57/57/405 879/920/405
f 880/921/406 881/922/407 882/923/408 883/924/406
f 884/925/356 885/926/356 886/927/356 887/928/356
f 15/15/409 581/599/410 559/929/410 888/930/411
f 276/281/412 591/931/412 889/932/412 890/933/412
f 891/934/413 69/935/17 72/936/17 564/937/413
f 892/938/414 893/939/414 305/940/414 894/941/414
f 895/942/2 896/943/2 897/944/2 898/945/2
f 760/796/415 899/946/415 900/947/416 901/948/416
f 902/949/417 800/839/418 903/950/419 524/951/420
f 691/722/421 826/866/422 904/952/423 905/953/423
f 906/954/424 907/955/425 153/156/60 152/155/59
f 490/503/2 665/696/2 908/956/2 491/504/2
f 909/957/1 339/345/1 338/344/1 168/171/1
f 910/958/426 273/278/426 704/735/426 911/959/426
f 876/917/404 912/960/427 913/961/427 877/918/404
f 435/447/428 144/147/52 147/150/54 436/448/428
f 102/962/429 914/963/430 915/964/430 916/965/429
f 917/966/431 918/967/432 919/968/433 920/969/434
f 921/970/435 922/971/435 923/972/435 924/973/435
f 925/974/92 926/975/92 624/651/92 623/650/92
f 96/96/5 95/95/5 848/976/5 927/977/5
f 928/978/356 929/979/356 801/840/356 930/980/356
f 931/981/436 932/982/436 582/600/436 584/603/436
f 933/983/437 934/984/438 241/245/97 240/244/96
f 94/985/34 935/986/439 847/888/440 95/887/35
f 936/987/2 13/13/2 16/16/2 937/988/2
f 626/653/5 452/465/5 455/468/5 145/989/5
f 938/990/441 939/991/441 940/992/442 941/993/442
f 942/994/443 943/995/444 819/858/375 818/857/374
f 118/121/2 944/996/2 945/997/2 286/291/2
f 210/998/445 209/999/446 946/1000/447 947/1001/448
f 655/686/449 654/685/449 86/86/449 85/85/449
f 948/1002/450 629/1003/451 570/587/451 949/1004/450
f 950/1005/2 951/1006/2 270/275/2 952/1007/2
f 953/1008/5 954/1009/5 955/1010/5 565/582/5
f 733/767/452 956/1011/453 957/1012/454 734/768/455
f 958/1013/456 959/1014/456 960/1015/456 961/1016/456
f 261/266/2 962/1017/2 963/1018/2 964/1019/2
f 455/468/457 454/467/457 965/1020/457 966/1021/457
f 793/832/180 967/1022/180 223/227/180 222/226/180
f 134/137/458 133/136/404 968/1023/404 969/1024/458
f 970/1025/459 971/1026/460 523/1027/461 972/1028/462
f 973/1029/5 756/791/5 974/1030/5 975/1031/5
f 949/1032/463 375/1033/464 374/1034/465 976/1035/466
f 738/772/2 737/771/2 977/1036/2 978/1037/2
f 401/410/2 979/1038/2 616/642/2 402/411/2
f 980/1039/467 981/1040/468 301/307/469 982/1041/469
f 983/1042/470 984/1043/470 887/1044/470 985/1045/470
f 986/1046/2 987/1047/2 988/1048/2 989/1049/2
f 990/1050/2 991/1051/2 841/881/2 840/880/2
f 843/1052/2 842/1053/2 992/1054/2 336/342/2
f 993/1055/45 994/1056/45 995/1057/45 996/1058/45
f 997/1059/471 998/1060/472 999/1061/472 1000/1062/471
f 1001/1063/467 480/493/468 237/241/469 1002/1064/469
f 1003/1065/473 692/723/473 1004/1066/473 1005/1067/473
f 994/1056/234 993/1055/234 388/397/234 387/396/234
f 1006/1068/356 1007/1069/356 1008/1070/356 1009/1071/356
f 1010/1072/170 538/553/170 183/556/170 277/282/170
f 1011/1073/474 1012/1074/474 1013/1075/474 964/1019/474
f 1014/1076/1 1015/1077/1 339/345/1 909/957/1
f 643/670/5 642/669/5 129/132/5 128/131/5
f 650/681/2 1016/1078/2 1017/1079/2 1018/1080/2
f 1019/1081/5 1020/1082/5 1021/1083/5 1022/1084/5
f 1023/1085/475 958/1013/476 961/1016/476 1024/1086/477
f 802/841/2 1025/1087/2 1026/1088/2 528/542/2
f 32/1089/2 31/1090/2 320/1091/2 367/1092/2
f 1027/1093/478 764/800/478 1028/1094/478 1029/1095/478
f 742/776/479 470/483/479 1030/1096/479 743/777/479
f 1031/1097/480 1032/1098/481 1033/1099/482 1034/1100/483
f 449/462/484 1035/1101/484 1036/1102/484 450/463/484
f 1037/1103/485 699/730/486 702/733/486 754/789/485
f 1038/1104/5 1039/1105/5 1040/1106/5 1041/1107/5
f 373/381/92 372/380/92 743/777/92 872/1108/92
f 679/710/2 1042/1109/2 1043/1110/487 680/711/299
f 1044/1111/474 1045/1112/474 1046/1113/474 1047/1114/474
f 1048/1115/488 1049/1116/489 312/318/489 315/321/488
f 924/1117/170 1050/1118/170 1051/1119/170 921/1120/170
f 1052/1121/490 1053/1122/490 1054/1123/490 1055/1124/490
f 262/267/491 1056/1125/491 1057/1126/491 259/264/491
f 1058/1127/492 1059/1128/493 561/1129/494 1060/1130/495
f 968/1023/496 537/552/497 959/1014/497 958/1013/498
f 622/1131/428 550/1132/428 549/1133/428 623/1134/428
f 1061/1135/2 412/421/2 415/424/2 752/786/2
f 1062/1136/45 1063/1137/499 705/736/499 1064/1138/45
f 458/1139/500 1065/1140/500 1066/1141/500 1067/1142/500
f 1068/1143/5 234/238/5 233/237/5 1069/1144/5
f 1070/1145/501 349/1146/502 1071/1147/503 1072/1148/504
f 1073/1149/505 892/938/506 894/941/506 1074/1150/507
f 194/197/170 1075/1151/170 1076/1152/170 191/194/170
f 227/231/508 226/230/508 1077/1153/508 1078/1154/508
f 1079/1155/509 1018/1156/509 1080/1157/509 1081/1158/509
f 1082/1159/510 1083/1160/510 392/1161/510 1084/1162/510
f 834/874/511 1085/1163/512 1086/1164/513 835/875/513
f 479/492/514 269/274/514 543/560/514 636/663/514
f 1087/1165/515 1088/1166/516 898/945/517 522/1167/518
f 1089/1168/519 1090/1169/520 1091/1170/521 1092/1171/522
f 867/908/523 791/830/523 222/226/523 221/225/523
f 821/860/524 809/848/370 812/851/370 1093/1172/524
f 755/790/525 1094/1173/526 1095/1174/527 756/791/527
f 60/60/2 59/59/2 1096/1175/2 1097/1176/2
f 1098/1177/5 1099/1178/5 1100/1179/5 982/1041/5
f 220/1180/528 1101/1181/528 862/903/528 820/1182/528
f 806/845/215 1102/1183/215 1103/1184/215 807/846/215
f 382/391/529 873/914/530 1104/1185/531 594/616/532
f 702/733/533 1105/1186/533 755/790/342 754/789/341
f 1106/1187/534 927/977/535 1107/1188/536 1108/1189/534
f 1109/1190/537 1110/1191/537 1111/1192/537 860/1193/537
f 1035/1101/538 1112/1194/538 1113/1195/538 1036/1102/538
f 1114/1196/539 1109/1190/540 860/1193/540 859/1197/541
f 1115/1198/542 1116/1199/542 1117/1200/543 1118/1201/543
f 1119/1202/92 1120/1203/92 445/457/92 444/456/92
f 1121/1204/544 1122/1205/545 1123/1206/545 1124/1207/546
f 728/762/547 465/478/547 464/477/547 1125/1208/547
f 1126/1209/548 1127/1210/548 1128/1211/548 494/507/548
f 1129/1212/549 1130/1213/550 1131/1214/551 1132/1215/549
f 1133/1216/552 1134/1217/553 1135/1218/554 1136/1219/554
f 1137/1220/555 1138/1221/556 1139/1222/557 1105/1186/558
f 922/1223/234 1140/1224/234 1141/1225/234 923/1226/234
f 1034/1100/483 1033/1099/482 255/260/559 772/1227/560
f 1116/1199/561 1142/1228/562 1143/1229/563 1117/1200/564
f 1144/1230/565 1145/1231/565 212/215/566 211/214/566
f 839/1232/141 838/1233/141 1146/1234/141 1147/1235/141
f 565/582/567 955/1010/567 1148/1236/567 566/583/567
f 1149/1237/568 1150/1238/568 586/605/568 585/604/568
f 488/501/569 487/500/569 1151/1239/569 1152/1240/569
f 1153/1241/570 708/1242/2 711/1243/2 1154/1244/571
f 1012/1074/1 1155/1245/1 1156/1246/1 1013/1075/1
f 695/726/468 530/544/178 1157/1247/178 33/1248/468
f 1158/1249/572 1159/1250/572 1160/1251/572 1161/1252/572
f 1162/1253/573 1163/1254/574 830/1255/575 753/1256/576
f 1164/1257/356 1165/1258/356 1166/1259/356 1167/1260/356
f 1168/1261/577 1000/1062/578 5/5/579 1169/1262/577
f 1163/1254/580 1170/1263/580 831/1264/581 830/1255/581
f 280/285/582 1061/1135/583 752/786/305 832/1265/305
f 1171/1266/584 1172/1267/584 1173/1268/584 1174/1269/584
f 1175/1270/585 678/709/585 1176/1271/586 1177/1272/587
f 284/289/5 1178/1273/5 1179/1274/5 572/589/5
f 662/693/294 1180/1275/588 1114/1196/588 663/694/294
f 1181/1276/589 813/852/589 700/731/589 699/730/589
f 1182/1277/590 1183/1278/590 901/1279/590 928/1280/590
f 1184/1281/233 49/49/233 52/52/233 1185/1282/233
f 1064/1138/591 705/736/318 707/738/321 1110/1191/591
f 560/1283/592 559/929/592 581/599/592 203/206/592
f 1186/1284/593 81/81/198 981/1040/197 1187/1285/594
f 1188/1286/595 1158/1287/596 935/1288/597 590/609/598
f 1189/1289/599 910/958/600 911/959/600 1190/1290/599
f 1191/1291/601 244/248/602 247/251/602 1192/1292/601
f 1193/1293/356 1194/1294/356 1195/1295/356 880/1296/356
f 807/846/603 1103/1184/603 1196/1297/603 1197/1298/603
f 26/26/7 1198/1299/604 533/1300/604 27/27/7
f 1199/1301/605 1200/1302/606 1090/1169/520 784/821/607
f 724/758/234 1077/1303/234 226/1304/234 1201/1305/234
f 1202/1306/608 442/454/608 445/457/608 1165/1258/608
f 1203/1307/609 1204/1308/609 1205/1309/609 1206/1310/609
f 1207/1311/610 735/1312/330 738/1313/333 1208/1314/611
f 1209/1315/612 1210/1316/612 1211/1317/612 856/897/612
f 1212/1318/613 991/1319/613 990/1320/614 1213/1321/615
f 442/454/5 1214/1322/5 1215/1323/5 443/455/5
f 18/18/5 1216/1324/5 1217/1325/5 19/19/5
f 98/98/5 1218/1326/5 1219/1327/5 99/99/5
f 1220/1328/2 383/1329/2 386/1330/2 1221/1331/2
f 1222/1332/2 617/1333/2 1223/1334/2 1224/1335/2
f 993/1055/141 1225/1336/141 1226/1337/141 388/397/141
f 1077/1303/45 724/758/45 610/632/45 1227/1338/45
f 1042/1109/2 45/1339/2 48/1340/2 1043/1110/487
f 1228/1341/616 817/856/616 816/855/616 1229/1342/616
f 1143/1229/2 1032/1098/2 1230/1343/2 1231/1344/2
f 343/349/617 342/348/618 1232/1345/619 1233/1346/620
f 637/1347/621 361/367/621 1234/1348/622 638/1349/623
f 646/675/624 706/737/625 942/994/625 818/857/624
f 1235/1350/2 511/525/2 514/528/2 1236/1351/2
f 1126/1209/626 304/310/626 307/313/626 1127/1210/626
f 206/389/491 205/1352/491 1237/1353/491 381/390/491
f 161/164/66 811/850/627 810/849/627 162/165/66
f 592/614/262 595/617/262 1238/1354/628 1239/1355/628
f 1240/1356/2 696/727/2 42/42/2 41/41/2
f 1241/1357/2 1242/1358/2 1011/1073/2 963/1018/2
f 903/1359/629 1243/1360/630 932/982/631 931/981/632
f 1244/1361/633 210/998/445 947/1001/448 1245/1362/634
f 1053/1122/291 1167/1260/291 615/641/291 1054/1123/291
f 1173/1268/635 1172/1267/636 1246/1363/637 1247/1364/635
f 424/435/2 1248/1365/2 38/38/2 37/37/2
f 1249/1366/638 1250/1367/638 166/1368/638 65/65/638
f 1251/1369/356 1164/1257/356 1167/1260/356 1053/1122/356
f 1252/1370/5 1253/1371/5 156/159/5 1254/1372/5
f 1255/1373/639 1192/1292/640 1256/1374/641 937/1375/642
f 1177/1272/587 1176/1271/586 1257/1376/643 1258/1377/643
f 1078/1378/609 1077/1303/609 1227/1338/609 1259/1379/609
f 1260/1380/644 1261/1381/645 1262/1382/646 1263/1383/647
f 1004/1066/648 905/953/648 904/952/648 1264/1384/648
f 1265/1385/649 1262/1382/650 553/1386/650 1266/1387/649
f 838/1233/651 232/1388/651 228/232/651 1146/1234/651
f 1267/1389/45 466/479/45 465/478/45 727/761/45
f 1268/1390/652 1269/1391/652 1270/1392/652 577/595/652
f 150/1393/57 93/93/33 82/82/653 1271/1394/654
f 1140/1224/45 922/1223/45 1272/1395/45 1273/1396/45
f 1274/1397/655 1268/1390/655 577/595/655 576/594/655
f 1204/1308/656 309/315/657 308/314/658 1205/1309/658
f 1275/1398/659 1276/1399/659 788/827/357 787/826/357
f 1277/1400/660 1278/1401/661 1279/1402/662 1184/1403/660
f 840/1404/663 1280/1405/663 475/488/664 44/44/665
f 463/476/666 1281/1406/666 1282/1407/666 460/473/666
f 212/215/667 1145/1231/668 1283/1408/669 267/376/667
f 353/359/5 352/358/5 1284/1409/5 1285/1410/5
f 1147/1411/5 1229/1412/5 1286/1413/5 1287/1414/5
f 1288/1415/670 1289/1416/670 1045/1112/670 1044/1111/670
f 1290/1417/671 1291/1418/671 1292/1419/671 1293/1420/671
f 1294/1421/672 1295/1422/672 716/747/672 1296/1423/672
f 334/1424/673 1037/1103/485 754/789/485 331/792/673
f 570/587/249 569/586/248 375/383/464 949/1004/463
f 717/748/2 833/873/2 835/875/2 718/749/2
f 282/287/45 414/1425/45 413/1426/674 283/288/674
f 254/259/101 253/258/101 1112/1427/1 601/623/1
f 263/268/233 266/271/233 1297/1428/233 799/838/233
f 395/404/675 394/403/675 1298/1429/676 1299/1430/676
f 1286/1431/677 1300/1432/677 1027/1093/677 786/1433/677
f 957/1434/678 662/693/679 661/692/680 1301/1435/681
f 1302/1436/682 30/30/682 657/688/683 1303/1437/684
f 1304/1438/685 1305/1439/686 811/1440/686 161/1441/687
f 1176/1271/1 1306/1442/1 1307/1443/1 1257/1376/1
f 587/606/688 453/466/170 62/1444/170 1308/1445/689
f 234/238/690 1309/1446/690 408/417/690 235/239/690
f 1112/1194/412 253/1447/691 1038/1104/692 1113/1195/412
f 1032/1098/2 1143/1229/2 1142/1228/2 1033/1099/2
f 800/839/418 799/838/693 1243/1448/694 903/950/419
f 337/343/2 992/1054/2 1310/1449/2 1311/1450/2
f 1312/1451/412 1313/1452/412 1314/1453/412 1315/1454/412
f 1245/1362/695 947/1001/696 593/1455/697 592/1456/698
f 12/12/4 11/11/4 618/645/699 1316/1457/699
f 1317/1458/700 1318/1459/701 1319/1460/702 795/1461/703
f 1320/1462/5 180/183/5 1321/1463/5 426/1464/5
f 1322/1465/704 1323/1466/705 448/1467/705 1324/1468/704
f 1325/1469/706 8/8/707 1326/1470/708 1065/1471/706
f 741/775/5 451/464/5 1327/1472/5 1328/1473/5
f 285/290/5 284/289/5 572/589/5 571/588/5
f 597/619/709 1121/1204/544 1124/1207/546 1329/1474/709
f 792/831/5 1330/1475/5 1331/1476/5 1332/1477/5
f 1333/1478/710 1164/1257/710 1251/1369/710 1334/1479/710
f 1335/1480/711 1336/1481/712 1337/1482/712 1338/1483/711
f 1339/1484/713 1340/1485/714 845/885/388 844/884/387
f 1341/1486/715 1307/1487/715 1342/1488/715 1343/1489/715
f 1145/1231/668 1115/1198/716 1344/1490/717 1283/1408/669
f 591/931/718 1345/1491/718 1346/1492/718 889/932/718
f 1142/1228/562 1116/1199/561 1144/1230/719 256/261/720
f 1347/1493/2 1348/1494/2 1304/1438/2 1349/1495/2
f 350/1496/721 698/729/721 697/728/722 351/1497/722
f 54/54/723 1350/1498/724 1351/1499/725 55/55/725
f 1352/1500/726 1335/1480/726 1338/1483/726 409/418/726
f 1342/1488/5 953/1008/5 565/582/5 428/439/5
f 930/980/727 801/840/361 527/541/363 694/725/728
f 389/398/5 1353/1501/5 1354/1502/5 1355/1503/5
f 692/723/729 691/722/729 905/953/729 1004/1066/729
f 776/813/730 670/1504/356 708/1242/356 1153/1241/730
f 740/774/731 287/292/732 108/108/732 1356/1505/731
f 1357/1506/5 1358/1507/5 892/938/5 1073/1149/5
f 1359/1508/733 1360/1509/734 1361/1510/735 1362/1511/736
f 344/350/737 913/961/738 912/960/738 1363/1512/737
f 1364/1513/739 938/990/739 941/993/740 1242/1358/741
f 1365/1514/742 1366/1515/742 1367/1516/742 1368/1517/742
f 1179/1274/743 1369/1518/743 1316/1519/743 278/1520/743
f 127/1521/744 1152/1240/744 1370/1522/744 1371/1523/744
f 525/539/745 931/981/745 584/603/745 1372/1524/745
f 48/48/746 47/47/747 1373/1525/748 1374/1526/746
f 388/397/5 1375/1527/5 1353/1501/5 389/398/5
f 864/905/2 441/453/2 1376/1528/2 1377/1529/2
f 88/88/749 389/398/749 1378/1530/749 85/85/749
f 1379/1531/750 1380/1532/751 596/1533/752 1381/1534/752
f 556/1535/753 555/1536/754 1260/1380/754 1263/1383/753
f 1323/1466/705 1024/1086/755 446/1537/755 448/1467/705
f 951/1006/2 1382/1538/2 271/276/2 270/275/2
f 74/74/20 975/1539/5 362/1540/5 75/75/5
f 1303/1437/684 657/688/683 660/691/756 1383/1541/756
f 1384/1542/726 1213/1543/726 1385/1544/726 1386/1545/726
f 349/355/5 348/354/5 1387/1546/5 1071/1547/5
f 1388/1548/757 987/1047/757 1389/1549/757 1390/1550/757
f 143/146/45 142/145/45 391/400/164 390/399/164
f 1287/1551/5 1286/1552/5 1391/1553/5 1392/1554/5
f 689/863/2 148/151/2 151/154/2 824/864/2
f 311/317/2 310/316/2 1088/1166/2 834/874/2
f 1393/1555/758 876/917/759 875/916/760 1394/1556/761
f 384/393/762 383/392/762 1220/1557/762 925/1558/762
f 1395/1559/763 1396/1560/763 1313/1452/763 321/1561/763
f 1060/1562/764 561/1563/242 564/937/245 72/936/764
f 1397/1564/765 1398/1565/765 2/1566/765 1399/1567/765
f 353/1568/149 1400/1569/766 1386/1545/767 350/1496/146
f 772/1227/560 255/260/559 258/263/768 541/1570/769
f 1020/1082/5 1401/1571/5 883/924/5 1021/1083/5
f 606/628/267 496/509/267 495/508/770 1402/1572/771
f 1081/1158/93 1046/1113/93 1403/1573/93 1404/1574/93
f 1405/1575/772 675/706/773 678/709/774 1175/1270/774
f 777/814/45 1406/1576/45 1407/1577/45 778/815/45
f 1406/1576/775 777/814/775 1408/1578/775 781/818/775
f 1409/1579/765 1410/1580/765 1411/1581/765 1412/1582/765
f 1413/1583/776 1079/1584/776 1414/1585/776 1415/1586/776
f 1390/1587/777 1389/1588/777 1416/1589/777 1417/1590/777
f 378/386/778 1317/1458/778 676/1591/779 675/1592/779
f 228/232/5 227/231/5 1418/1593/5 1146/1234/5
f 1419/1594/780 1420/1595/780 1421/1596/780 1422/1597/780
f 1423/1598/781 1424/1599/781 22/22/781 21/21/781
f 1425/1600/782 1426/1601/782 641/668/782 1427/1602/782
f 1373/1525/783 1428/1603/784 1072/1148/784 1133/1216/783
f 915/964/2 1429/1604/2 1425/1600/2 215/219/2
f 328/334/785 552/569/786 1430/1605/786 1431/1606/785
f 1432/1607/787 1433/1608/788 697/728/310 696/727/309
f 1229/1342/789 1418/1593/789 1434/1609/789 1228/1341/789
f 1435/1610/790 909/957/790 168/171/69 167/170/68
f 367/1092/2 320/1091/2 323/1611/2 368/1612/2
f 426/437/791 1321/1613/792 1436/1614/792 9/9/791
f 1029/1095/92 649/680/92 786/1433/92 1027/1093/92
f 1247/1364/5 1246/1363/5 425/1615/5 1369/1518/5
f 1403/1573/793 1437/1616/793 1438/1617/793 1439/1618/793
f 781/818/794 1408/1578/794 1440/1619/794 782/819/794
f 100/100/5 1441/1620/5 1442/1621/5 1443/1622/5
f 578/596/795 1444/1623/796 1445/1624/797 1446/1625/798
f 1345/1491/799 1447/1626/799 1448/1627/799 1346/1492/799
f 778/815/800 1407/1577/800 199/202/800 508/521/800
f 1449/1628/801 1450/1629/802 1451/1630/803 1452/1631/804
f 520/534/524 519/533/524 729/1632/805 1453/1633/805
f 99/99/806 1219/1327/807 639/666/808 1454/1634/806
f 429/440/809 1209/1315/809 856/897/809 430/441/809
f 914/963/430 1455/1635/810 1429/1604/810 915/964/430
f 1456/1636/811 1449/1628/801 1452/1631/804 1457/1637/811
f 457/470/812 1325/1469/812 1065/1471/812 458/471/812
f 1458/1638/813 1459/1639/814 1118/1201/815 1275/1398/816
f 411/420/817 410/419/817 1460/1640/817 1461/1641/817
f 1451/1630/5 89/89/5 92/92/5 1452/1631/5
f 1350/1498/818 745/779/818 1462/1642/819 1351/1499/819
f 1463/1643/2 600/622/2 603/625/2 1464/1644/2
f 296/301/820 295/300/820 1281/1406/820 463/476/820
f 315/321/132 314/320/131 612/1645/821 1465/1646/822
f 272/277/823 646/675/624 818/857/624 703/734/823
f 106/120/824 103/1647/825 944/996/825 118/121/824
f 1466/1648/826 998/1060/827 997/1059/828 766/802/829
f 1225/1336/234 1467/1649/234 1468/1650/234 1226/1337/234
f 669/700/830 1469/1651/831 1470/1652/831 709/740/830
f 277/282/832 276/281/832 890/933/832 1010/1072/832
f 1471/1653/2 1472/1654/2 1473/1655/2 1366/1656/2
f 516/530/833 515/529/834 1474/1657/835 672/703/836
f 1475/1658/837 1476/1659/837 1477/1660/837 808/847/837
f 67/1661/15 607/629/838 53/53/208 501/514/207
f 16/16/839 15/15/409 888/930/411 1478/1662/840
f 1479/1663/841 1059/1664/842 919/1665/842 918/1666/841
f 907/955/425 906/954/424 1480/1667/843 1481/1668/844
f 1356/1505/845 1482/1669/846 1483/1670/847 1484/1671/848
f 1485/1672/849 34/1673/9 33/1248/8 1157/1247/850
f 50/50/2 1486/1674/2 1487/1675/2 51/51/2
f 369/375/851 368/374/851 1488/1676/851 1101/1181/851
f 635/662/790 1014/1076/790 909/957/790 1435/1610/790
f 706/737/625 705/736/499 1063/1137/499 942/994/625
f 1132/1215/852 502/1677/852 1489/1678/853 1490/1679/853
f 1491/1680/854 1341/1681/854 1492/1682/324 1433/1608/324
f 1493/1683/524 1494/1684/855 1495/1685/855 1496/1686/524
f 1248/1365/856 1406/1576/856 781/818/856 38/38/856
f 1169/1262/2 5/5/2 8/8/2 1325/1469/2
f 503/516/211 1153/1241/570 1154/1244/571 504/517/211
f 1415/1586/857 1414/1585/857 1287/1551/857 1392/1554/857
f 722/754/509 721/753/509 1497/1687/509 1498/1688/509
f 406/415/858 405/414/858 1499/1689/858 420/1690/858
f 1092/1691/744 1294/1421/744 1296/1423/744 473/1692/744
f 1500/1693/77 1227/1338/77 610/632/77 609/631/77
f 1501/1694/859 1062/1136/859 1064/1138/859 1110/1191/859
f 1500/1693/2 609/631/2 688/719/2 1502/1695/2
f 1439/1618/860 1503/1696/860 1404/1574/860 1403/1573/860
f 1504/1697/5 943/995/5 1505/1698/5 1506/1699/5
f 379/1700/161 378/1701/160 675/706/773 1405/1575/772
f 804/843/861 740/774/731 1356/1505/731 1484/1671/861
f 1428/1702/784 1507/1703/862 1070/1704/862 1072/1705/784
f 1026/1088/863 370/1706/863 373/1707/863 1508/1708/863
f 941/993/442 940/992/442 1155/1245/1 1012/1074/1
f 1391/1709/710 1286/1710/710 786/823/710 785/822/710
f 879/920/851 57/57/851 60/60/851 355/361/851
f 1509/1711/2 634/661/2 635/662/2 1435/1610/2
f 310/316/2 895/942/2 898/945/2 1088/1166/2
f 307/313/1 306/312/1 1510/1712/1 1511/1713/1
f 677/1714/864 676/1715/865 794/833/866 954/1009/864
f 822/861/867 821/860/867 1093/1172/867 1512/1716/867
f 651/1717/2 650/1718/2 1018/1719/2 1513/1720/2
f 1422/1597/868 849/890/868 851/892/868 1419/1594/868
f 1514/1721/869 1491/1680/869 1433/1608/788 1432/1607/787
f 470/483/870 469/482/870 1362/1722/870 1030/1096/870
f 36/36/5 35/35/5 470/483/5 742/776/5
f 1515/1723/356 1516/1724/356 188/191/356 1517/1725/356
f 1036/1102/5 1113/1195/5 1183/1278/5 1182/1277/5
f 555/572/754 1518/1726/871 1402/1727/871 1260/1728/754
f 1280/1405/872 840/1404/872 843/1052/612 1519/1729/612
f 1441/1620/5 1520/1730/5 179/182/5 1521/1731/5
f 861/902/873 1522/1732/92 630/657/92 633/660/873
f 1523/1733/874 1149/1237/874 585/604/874 588/607/874
f 709/740/2 1470/1652/2 1524/1734/2 710/741/2
f 6/6/2 1347/1493/2 1349/1495/2 7/7/2
f 401/410/875 1525/1735/875 1517/1725/875 979/1038/875
f 1526/1736/876 197/1737/877 1478/1738/877 888/1739/876
f 1338/1483/2 1337/1482/2 71/71/2 1527/1740/2
f 56/56/2 55/55/2 1528/1741/2 1529/1742/2
f 780/817/5 779/816/5 1160/1251/5 1530/1743/5
f 536/551/45 1531/1744/45 137/140/45 136/139/45
f 989/1049/878 988/1048/878 1532/1745/878 1533/1746/878
f 771/807/2 770/806/2 545/562/2 544/561/2
f 466/479/799 1267/1389/799 1534/1747/799 1535/1748/799
f 773/810/879 124/127/879 127/130/879 1371/1749/879
f 1278/1401/661 1319/1750/702 1318/1751/701 1279/1402/662
f 409/418/2 1338/1483/2 1527/1740/2 410/419/2
f 1524/1734/880 1536/1752/881 1069/1753/881 1537/1754/880
f 1028/1094/882 1538/1755/882 1539/1756/882 1029/1095/882
f 1059/1128/842 1058/1127/883 1540/1757/883 919/968/842
f 1541/1758/2 379/1700/2 1405/1575/2 1542/1759/2
f 360/366/884 1543/1760/884 938/990/884 1364/1513/884
f 975/1761/885 1493/1762/885 363/369/152 362/368/151
f 91/91/886 90/90/887 1203/1763/888 1206/1764/886
f 1544/1765/889 995/1057/889 1545/1766/889 1546/1767/889
f 758/794/890 983/1768/890 985/1769/890 759/795/890
f 247/251/891 246/250/891 1547/1770/891 1548/1771/891
f 925/974/225 1220/1328/225 1221/1331/225 926/975/225
f 1549/1772/892 1481/1668/892 1137/1220/892 701/732/892
f 49/49/893 1184/1281/893 1279/1773/894 1550/1774/894
f 577/595/895 1270/1392/895 1444/1623/895 578/596/895
f 1551/1775/5 1552/1776/5 1075/1151/5 194/197/5
f 264/269/104 263/268/103 798/837/896 583/1777/897
f 809/848/898 1553/1778/899 1554/1779/900 810/849/900
f 1555/1780/901 1556/1781/902 1557/1782/903 1558/1783/904
f 365/371/154 364/370/153 976/1035/466 374/1034/465
f 1210/1316/2 1258/1377/2 1514/1721/2 1211/1317/2
f 926/975/905 385/1784/905 548/565/905 624/651/905
f 725/759/906 724/758/906 1201/1305/906 1282/1407/906
f 21/21/907 1559/1785/907 1560/1786/907 1423/1598/907
f 1561/1787/908 1562/1788/909 1295/1422/910 1294/1421/911
f 647/677/288 1563/1789/912 1564/1790/913 648/678/289
f 736/770/331 1565/1791/914 950/1005/914 737/771/332
f 1328/1473/5 36/36/5 742/776/5 741/775/5
f 1183/1278/915 757/1792/915 760/1793/915 901/1279/915
f 1418/1593/916 227/231/916 1078/1154/916 1434/1609/916
f 1087/1165/917 1450/1794/917 1449/1795/918 1085/1163/918
f 1453/1633/805 729/1632/805 730/1796/76 1566/1797/76
f 1567/1798/919 32/1089/919 367/1092/919 366/1799/919
f 623/1134/356 549/1133/356 384/393/356 925/1558/356
f 1568/1800/920 1569/1801/920 1210/1316/920 1209/1315/920
f 1570/1802/2 1379/1531/2 1381/1534/2 1571/1803/2
f 355/361/921 60/60/921 1097/1176/921 356/362/921
f 934/984/922 1269/1391/922 1268/1390/922 241/245/922
f 279/284/923 620/647/923 1061/1135/583 280/285/582
f 1495/1685/924 673/704/295 674/705/297 1572/1804/925
f 1152/1240/926 1151/1239/926 1573/1805/926 1370/1522/926
f 1110/1191/2 707/738/2 534/549/2 1111/1192/2
f 987/1047/2 986/1046/2 1574/1806/2 1389/1549/2
f 1503/1696/677 1287/1414/677 1414/1807/677 1404/1574/677
f 1511/1713/486 1510/1712/486 1170/1263/580 1163/1254/580
f 1369/1518/927 425/1615/173 12/1808/175 1316/1519/927
f 1002/1064/5 237/241/5 239/243/5 1005/1067/5
f 710/741/880 1524/1734/880 1537/1754/880 668/1809/880
f 961/1016/928 960/1015/929 131/1810/929 1575/1811/928
f 1499/1689/45 1576/1812/45 1411/1581/45 1410/1580/45
f 1113/1195/5 1038/1104/5 1041/1107/5 984/1043/5
f 443/455/710 1215/1323/710 1577/1813/710 444/456/710
f 377/385/159 376/384/158 1578/1814/930 1550/1774/931
f 1045/1112/264 1289/1416/264 1579/1815/264 1437/1616/264
f 1515/1723/932 1580/1816/932 1214/1322/932 1581/1817/932
f 1582/1818/101 746/780/101 745/779/818 1350/1498/818
f 472/485/933 1089/1168/933 1092/1171/933 473/486/933
f 1208/1314/2 738/1313/2 978/1819/2 1583/1820/2
f 300/306/123 299/305/123 825/865/934 1107/1188/934
f 1400/1569/766 1584/1821/935 1384/1542/936 1386/1545/767
f 1417/1590/937 1416/1589/937 1585/1822/938 1586/1823/939
f 1587/1824/940 765/801/941 768/804/942 1066/1141/942
f 1588/1825/943 1589/1826/943 1377/1827/943 1376/1828/943
f 522/536/217 521/535/217 1450/1629/917 1087/1829/917
f 1107/1188/934 825/865/934 879/920/944 1108/1189/944
f 1590/1830/945 973/1831/5 975/1539/5 74/74/20
f 46/46/2 1208/1314/2 1583/1820/2 47/47/2
f 1455/1635/946 640/1832/946 1591/1833/946 1429/1604/946
f 937/1375/2 1256/1374/2 628/655/2 936/1834/2
f 964/1019/947 1013/1075/947 262/267/947 261/266/947
f 727/761/1 1592/1835/1 1378/1530/1 1267/1389/1
f 1593/1836/948 1594/1837/948 885/926/948 884/925/948
f 1595/1838/949 614/640/949 1596/1839/949 1597/1840/949
f 330/336/950 329/335/950 1598/1841/951 347/353/952
f 658/689/953 391/1842/954 142/1843/955 659/690/956
f 345/351/957 1599/1844/958 288/293/117 115/116/40
f 753/788/576 830/1845/575 832/1265/959 752/786/959
f 588/607/960 587/606/688 1308/1445/689 1523/1733/960
f 1013/1075/961 1156/1246/961 1056/1125/961 262/267/961
f 1600/1846/962 1272/1847/962 922/971/962 921/970/962
f 1374/1848/963 932/1849/631 1243/1448/630 1601/1850/963
f 1602/1851/964 1603/1852/964 1604/1853/964 870/911/964
f 1605/1854/965 1606/1855/966 1037/1103/967 334/1424/965
f 1118/1201/968 1117/1200/968 1276/1399/968 1275/1398/968
f 850/891/5 1535/1748/5 1534/1747/5 1607/1856/5
f 259/264/92 1057/1126/92 182/185/92 1608/1857/92
f 730/764/969 666/697/969 1609/1858/969 1194/1859/969
f 1461/1860/5 1309/1446/5 234/238/5 1068/1143/5
f 400/409/77 1610/1861/77 1525/1735/77 401/410/77
f 528/542/2 1026/1088/2 1508/1708/2 529/543/2
f 1611/1862/970 343/349/617 1233/1346/620 1305/1439/970
f 1612/1863/971 1613/1864/972 1181/1276/973 1606/1855/974
f 1614/1865/975 1615/1866/975 1616/1867/975 1617/1868/975
f 1618/1869/2 866/907/2 868/909/2 1310/1449/2
f 258/263/2 257/262/2 359/458/2 358/1870/2
f 1334/1479/976 1251/1369/976 1293/1420/976 1292/1419/976
f 1619/1871/977 1620/1872/977 1368/1517/977 1367/1516/977
f 1586/1823/939 1585/1822/938 32/1089/762 1567/1798/762
f 1483/1873/978 1482/1874/430 739/773/430 803/842/978
f 1621/1875/979 1622/1876/979 1623/1877/979 1624/1878/979
f 1467/1649/45 1225/1336/45 1625/1879/45 189/1880/45
f 1626/1881/436 1150/1882/436 1149/1883/436 1627/1884/436
f 1628/1885/92 1365/1886/92 1421/1887/92 1290/1417/92
f 313/1888/980 1483/1873/978 803/842/978 1629/1889/980
f 877/918/981 913/961/982 1611/1862/982 1348/1494/983
f 314/638/271 313/1888/980 1629/1889/980 613/639/271
f 1630/1890/5 1335/1480/5 1352/1500/5 1460/1891/5
f 1631/1892/984 308/314/125 311/317/128 833/873/985
f 372/380/986 371/379/986 451/464/986 741/775/986
f 1462/1642/987 745/779/337 748/782/340 1632/1893/987
f 197/200/877 196/199/988 1255/1373/988 1478/1894/877
f 1099/1178/5 1632/1893/5 1129/1212/5 1100/1179/5
f 584/603/258 583/602/257 1633/1895/989 1372/1524/990
f 1634/1896/991 1073/1149/505 1074/1150/507 1635/1897/992
f 1636/1898/993 1272/1847/993 1600/1846/993 1637/1899/993
f 1638/1900/994 1339/1901/995 844/1902/996 292/297/997
f 20/20/998 19/19/998 1639/1903/998 1593/1904/998
f 1227/1338/999 1500/1693/999 1640/1905/999 1259/1379/999
f 1641/1906/1000 1642/1907/1001 735/1312/1001 1207/1311/1000
f 1276/1399/1002 1231/1344/1003 1570/1802/1004 788/827/1005
f 1283/1408/5 1344/1490/5 1563/1789/5 647/677/5
f 1643/1908/5 1644/1909/5 1645/1910/5 1646/1911/5
f 1647/1912/5 1466/1648/5 766/802/5 765/801/5
f 1520/1913/5 1329/1474/5 180/1914/5 179/1915/5
f 1354/1916/5 1333/1478/5 1334/1479/5 1648/1917/5
f 1596/1839/1006 1465/1646/1007 1649/1918/1008 1597/1840/1008
f 1604/1853/1009 1485/1672/849 1157/1247/850 1650/1919/1010
f 863/904/2 438/450/2 441/453/2 864/905/2
f 1401/1920/1011 1651/1921/1011 1566/1797/1011 1193/1293/1011
f 1519/1729/612 843/1052/612 336/342/1012 335/341/1012
f 841/881/2 1509/1711/2 1435/1610/2 167/170/2
f 1507/1703/862 1189/1289/599 1190/1290/599 1070/1704/862
f 1372/1524/990 1633/1895/989 1339/1901/995 1638/1900/994
f 1547/1770/2 1169/1262/2 1325/1469/2 457/470/2
f 386/1330/1013 385/1784/1013 926/975/1013 1221/1331/1013
f 639/666/283 638/665/283 1652/1922/1014 1454/1634/1014
f 1216/1324/5 125/128/5 774/811/5 1217/1325/5
f 896/1923/2 665/696/2 667/698/2 897/1924/2
f 47/47/747 1583/1820/1015 1428/1603/1016 1373/1525/748
f 969/1024/1017 968/1023/496 958/1013/498 1023/1085/1018
f 756/791/1019 1095/1174/1019 1653/1925/1020 974/1030/1021
f 451/464/5 450/463/5 1654/1926/5 1327/1472/5
f 1655/1927/1022 1656/1928/1022 1383/1541/1022 660/691/1022
f 253/1447/691 252/1929/1023 1039/1105/1023 1038/1104/692
f 1400/1930/5 353/1931/5 1285/1932/5 1657/1933/5
f 545/562/1024 251/256/1024 254/259/1025 546/563/1026
f 1202/1306/5 1581/1817/5 1214/1322/5 442/454/5
f 351/357/147 1492/1934/1027 1658/1935/1028 352/358/148
f 1506/1699/5 1505/1698/5 1501/1694/5 631/1936/5
f 3/3/616 1560/1786/616 1559/1785/616 1659/1937/616
f 1394/1556/761 875/916/760 998/1060/827 1466/1648/826
f 707/738/2 416/425/2 419/428/2 534/549/2
f 1412/1582/1029 1411/1581/1029 1660/1938/1029 1661/1939/1029
f 837/877/449 229/233/449 232/236/449 838/878/449
f 1662/1940/180 1663/1941/1030 521/535/1031 520/534/180
f 1664/1942/1032 1665/1943/1033 1171/1944/1034 1666/1945/1035
f 974/1030/1021 1653/1925/1020 1667/1946/1036 1668/1947/1037
f 1669/1948/1038 1631/1892/1038 1562/1788/909 1561/1787/908
f 196/199/988 1191/1291/601 1192/1292/601 1255/1373/988
f 1528/1741/1039 1670/1949/1039 1671/1950/1039 1672/1951/1039
f 34/34/9 1359/1952/1040 468/481/1040 35/35/10
f 1444/1623/796 114/1953/39 117/1954/42 1445/1624/797
f 133/136/404 535/550/1041 537/552/1041 968/1023/404
f 24/24/677 23/23/677 1673/1955/677 1674/1956/677
f 1629/1889/1042 803/842/364 804/843/365 1049/1116/1043
f 1627/1884/1044 1149/1883/1044 1523/1957/1044 1675/1958/1044
f 1489/1959/1045 1529/1742/1045 1676/1960/1045 1677/1961/1045
f 329/335/1046 328/334/1046 1431/1606/1046 1565/1962/1046
f 796/835/1047 1678/1963/1048 1679/1964/1049 1680/1965/1050
f 1488/1676/2 1681/1966/2 438/450/2 863/904/2
f 104/104/5 103/103/5 106/106/5 105/105/5
f 30/30/1051 1302/1436/1051 1395/1967/1051 31/31/1051
f 1682/1968/1052 1641/1906/1000 1207/1311/1000 1683/1969/1052
f 1550/1774/931 1578/1814/930 50/50/1053 49/49/1053
f 1678/1970/5 796/1971/5 795/1972/5 1319/1750/5
f 1381/1534/1054 596/1533/1054 599/1973/1054 1684/1974/1054
f 1040/1106/1055 20/20/1055 1593/1904/1055 884/1975/1055
f 44/44/2 43/43/2 990/1976/2 840/1404/2
f 208/211/241 557/574/241 560/577/241 209/212/241
f 532/546/1056 531/545/1056 1188/1286/1056 1685/1977/1056
f 1481/1668/844 1480/1667/843 1138/1221/556 1137/1220/555
f 1686/1978/5 398/407/5 399/408/5 568/585/5
f 1662/1940/5 1614/1865/5 1617/1868/5 1663/1941/5
f 39/39/354 782/819/353 1582/1979/1057 608/671/1058
f 1505/1698/1059 1063/1137/1060 1062/1136/1061 1501/1694/1061
f 1562/1788/909 1631/1892/984 833/873/985 717/748/1062
f 617/1333/2 324/330/2 327/333/2 1223/1334/2
f 988/1048/1063 1626/1881/1063 1627/1884/1063 1532/1745/1063
f 19/19/1064 1217/1325/1064 1687/1980/1064 1639/1903/1064
f 186/189/92 274/1981/92 277/1982/92 183/186/92
f 322/1983/1065 1312/1984/1065 481/494/1065 1688/1985/1065
f 1623/1877/1066 1599/1844/1066 1689/1986/1066 1690/1987/1066
f 141/144/1067 140/143/1067 1691/1988/1067 1656/1989/1067
f 1402/1572/771 495/508/770 1261/1990/645 1260/1991/644
f 1692/1992/1068 1501/1694/1069 1110/1191/1069 1109/1190/1068
f 1693/1993/1070 1687/1980/1071 1217/1325/1072 774/811/1073
f 1156/1246/793 1155/1245/793 97/97/793 1443/1622/793
f 558/575/1074 75/75/1074 1694/1994/1075 1526/1736/1076
f 1695/1995/1077 1696/1996/45 1697/1997/45 1698/1998/1077
f 1437/1616/1078 1579/1815/1078 1699/1999/1078 1438/1617/1078
f 1700/2000/1079 907/955/1079 1481/1668/1079 1549/1772/1079
f 952/1007/1080 270/275/107 273/278/110 910/958/1080
f 162/165/1081 1701/2001/1082 1702/2002/1083 163/166/1084
f 1703/2003/1085 1704/2004/1085 896/1923/1085 895/2005/1085
f 766/802/829 997/1059/828 1705/2006/1086 767/803/1086
f 1196/2007/1087 1103/2008/1087 1706/2009/1087 1707/2010/1087
f 333/339/1088 1683/1969/1089 46/46/1090 45/45/1091
f 791/830/412 249/254/412 1330/1475/412 792/831/412
f 1577/1813/45 1580/1816/45 1525/1735/45 1610/1861/45
f 159/162/478 1519/1729/478 335/341/1092 1708/2011/1092
f 633/660/281 632/659/280 956/1011/453 733/767/452
f 1440/1619/1093 1408/1578/1094 1709/2012/1094 1710/2013/1095
f 1711/2014/1096 1712/2015/1097 1713/2016/1098 1572/1804/1099
f 883/2017/710 1401/1920/710 1193/1293/710 880/1296/710
f 1396/1560/1100 1714/2018/1100 1715/2019/1100 1716/2020/1100
f 494/507/2 1128/1211/2 1162/1253/2 78/78/2
f 772/808/1101 648/678/1101 1564/1790/1102 1034/2021/1102
f 616/642/2 979/1038/2 325/2022/2 324/643/2
f 1717/2023/1103 1456/1636/1103 1457/1637/1103 783/820/1103
f 1718/2024/1104 1662/1940/1105 520/534/1105 1453/1633/1106
f 390/399/367 393/402/1107 723/755/1107 713/744/368
f 1101/1181/1108 1488/1676/1108 863/904/1108 862/903/1108
f 139/142/2 138/141/2 751/785/2 960/1015/2
f 267/376/5 1283/1408/5 647/677/5 268/676/5
f 245/249/1109 1705/2006/1109 1168/1261/1109 246/250/1109
f 944/996/2 916/965/2 214/218/2 945/997/2
f 507/520/1110 779/816/1110 778/815/1110 508/521/1110
f 219/223/1111 369/2025/1111 1101/2026/1111 220/224/1111
f 1719/2027/2 532/546/2 1685/1977/2 200/203/2
f 1270/1392/1112 1512/1716/1112 114/1953/1112 1444/1623/1112
f 579/597/1113 578/596/795 1446/1625/798 1720/2028/1113
f 853/894/45 852/893/45 485/498/45 1721/2029/45
f 1546/1767/790 1545/1766/790 654/685/790 653/684/790
f 663/694/1114 1114/1196/539 859/1197/541 1722/2030/1115
f 1704/2004/1116 394/403/1116 397/406/1116 908/956/1116
f 854/2031/1117 853/2032/1117 18/18/1117 17/17/1117
f 1498/2033/1118 1723/2034/1118 1724/2035/1118 1674/1956/1118
f 1242/1358/741 941/993/740 1012/1074/474 1011/1073/474
f 1150/1882/45 1626/1881/45 1388/1548/45 965/2036/45
f 1572/1804/1099 674/705/1119 1725/2037/1120 1711/2014/1096
f 1494/1684/855 1726/2038/1121 673/704/1121 1495/1685/855
f 232/1388/1122 231/635/1122 225/229/1122 228/232/1122
f 932/982/1123 1374/1526/1123 1136/1219/1123 582/600/1123
f 1727/2039/1124 332/338/1125 331/337/1126 973/2040/1126
f 1728/2041/77 1273/1396/77 1272/1395/77 1636/2042/77
f 1556/1781/902 1555/1780/901 1541/2043/1127 1729/2044/1128
f 1706/2009/799 1730/2045/799 1552/1776/799 1551/1775/799
f 113/114/1129 112/113/1129 1731/2046/1129 899/946/1129
f 84/84/5 83/83/5 1106/1187/5 302/308/5
f 1262/1382/650 1261/1381/1130 554/2047/1130 553/1386/650
f 1293/1420/1131 1251/1369/1131 1053/1122/1131 1052/1121/1131
f 508/521/1132 199/202/1132 202/205/1132 298/522/1132
f 645/2048/1133 1732/2049/1133 283/288/674 413/1426/674
f 205/208/92 1297/2050/92 266/2051/92 1237/2052/92
f 1681/1966/1134 1688/2053/593 439/451/594 438/450/1134
f 149/2054/56 94/94/34 93/93/33 150/1393/57
f 640/1832/1135 643/2055/1136 750/784/1136 1591/1833/1135
f 11/11/1137 1733/2056/1138 619/646/1139 618/645/1139
f 1734/2057/1140 122/2058/1140 176/179/1140 175/178/1140
f 1377/1529/1141 693/2059/1141 865/906/1141 864/905/1141
f 52/52/291 51/51/291 991/1319/291 1212/1318/291
f 1302/2060/1142 1714/2018/1142 1396/1560/1143 1395/1559/1143
f 770/806/1144 855/896/1144 251/256/1144 545/562/1144
f 1198/1299/1145 1506/1699/1146 631/1936/279 630/2061/278
f 900/947/1147 1463/1643/1147 1464/1644/1147 929/979/1147
f 1367/1516/2 1473/2062/2 1735/2063/2 1619/1871/2
f 827/867/383 1588/1825/1148 1376/1828/1149 828/868/384
f 1543/1760/1150 171/174/1150 939/991/1150 938/990/1150
f 1467/2064/234 1516/1724/234 1736/2065/234 1468/2066/234
f 715/746/1151 714/745/1152 1737/2067/1153 1738/2068/1151
f 1368/1517/1154 1620/1872/1154 849/890/1154 1422/1597/1154
f 305/311/1155 304/310/1155 493/506/1155 894/2069/1155
f 309/315/657 1204/1308/656 1298/2070/1156 1703/2071/1157
f 1365/1514/918 1368/1517/918 1422/1597/918 1421/1596/918
f 1001/1063/467 440/2072/179 439/2073/178 480/493/468
f 1296/1423/1158 716/747/1158 719/750/1158 1739/2074/1158
f 1371/1749/1159 1693/1993/1070 774/811/1073 773/810/1160
f 1740/2075/1161 1682/1968/1162 332/338/1125 1727/2039/1124
f 1741/2076/1163 1742/2077/1164 1743/2078/1165 1553/1778/1166
f 1085/1163/1167 1449/1795/1167 1456/2079/1168 1086/1164/1168
f 1571/1803/2 1381/1534/2 1744/2080/2 483/496/2
f 190/2081/77 189/1880/77 1625/1879/77 1745/2082/77
f 1237/1353/1169 73/73/1169 76/76/1170 381/390/1171
f 1743/2078/1172 1363/1512/1173 912/960/1174 1746/2083/1174
f 1747/2084/5 330/336/5 347/353/5 346/352/5
f 788/827/1005 1570/1802/1004 1571/1803/1175 789/828/1176
f 1575/2085/1177 132/135/1177 135/138/185 446/459/184
f 1506/1699/1146 1198/1299/1145 26/26/1178 1504/1697/1179
f 1748/2086/428 1749/2087/428 1007/2088/428 1006/2089/428
f 1731/2046/2 1750/2090/2 600/622/2 1463/1643/2
f 28/2091/1180 27/547/226 419/428/229 418/427/1181
f 327/333/1182 1592/1835/1182 727/761/1182 1223/1334/1182
f 721/753/2 175/178/2 178/181/2 1497/1687/2
f 1348/1494/2 1611/1862/2 1305/1439/2 1304/1438/2
f 1098/1177/170 303/309/170 357/363/170 1751/2092/170
f 935/986/597 1158/1249/596 1161/1252/1183 847/888/1183
f 1680/1965/1184 1729/2093/1184 1752/2094/1184 1753/2095/1184
f 1050/1118/428 1141/1225/428 1140/1224/428 1051/1119/428
f 381/390/1171 76/76/1170 873/914/530 382/391/529
f 1120/1203/139 402/411/139 616/642/139 1166/1259/139
f 1219/1327/807 479/492/1185 636/663/1185 639/666/808
f 1608/1857/305 1754/2096/305 260/265/305 259/264/305
f 602/624/1186 1035/2097/1186 449/2098/1186 1755/2099/1186
f 1553/1778/1166 1743/2078/1165 1746/2083/1187 1554/1779/1187
f 1563/1789/912 1756/2100/1188 1757/2101/1189 1564/1790/913
f 1155/1245/793 940/992/1190 98/98/1191 97/97/793
f 714/745/1152 1715/2019/1192 1714/2018/1192 1737/2067/1153
f 737/771/2 950/1005/2 952/1007/2 977/1036/2
f 590/609/261 935/1288/439 94/2102/34 149/610/56
f 180/1914/5 1329/1474/5 1758/2103/5 1321/1613/5
f 1165/1258/1193 445/457/1193 1120/1203/1193 1166/1259/1193
f 1424/1599/1194 121/124/1194 1759/2104/1194 22/22/1194
f 1760/2105/92 1761/2106/92 1762/2107/1195 563/580/1195
f 1228/1341/652 1434/1609/652 1763/2108/652 1764/2109/652
f 1765/2110/1196 1212/1318/1196 1213/1321/1196 1384/2111/1196
f 1766/2112/1197 1689/1986/1197 1599/1844/1197 345/351/1197
f 1015/1077/141 1767/2113/141 1019/2114/141 1022/2115/141
f 345/351/1198 344/350/737 1363/1512/737 1766/2112/1198
f 469/482/1199 468/481/1199 1359/1952/733 1362/1722/736
f 1328/1473/1200 1327/1472/1200 694/2116/307 695/2117/308
f 1104/1185/1201 207/210/1202 1768/2118/1203 1769/2119/1204
f 1529/1742/2 1528/1741/2 1672/1951/2 1676/1960/2
f 1512/2120/1205 1093/2121/1205 115/116/1205 114/115/1205
f 496/509/205 605/627/1206 503/516/1206 497/510/205
f 1770/2122/1207 1669/1948/1207 1561/1787/1207 1091/2123/1207
f 1767/2113/1208 874/915/1208 1646/1911/1208 1019/2114/1208
f 1771/2124/1209 1772/2125/1209 1538/1755/1209 1028/1094/1209
f 1024/1086/755 961/1016/928 1575/1811/928 446/1537/755
f 1579/1815/616 839/2126/616 1147/1411/616 1699/1999/616
f 1773/2127/1210 509/2128/1211 1723/2129/1212 1774/2130/1213
f 855/896/1214 854/895/1214 252/257/1214 251/256/1214
f 1300/1432/1215 761/797/1215 764/800/1215 1027/1093/1215
f 215/219/1216 1425/1600/1216 1427/1602/1216 216/220/1216
f 1306/2131/1217 677/1714/1218 954/1009/1218 953/1008/1219
f 376/384/2 1555/1780/2 1558/1783/2 1578/1814/2
f 1708/2011/524 335/341/524 224/228/524 223/227/524
f 1314/1453/5 1716/2020/5 435/757/5 434/2132/5
f 1752/2094/1220 1542/1759/1220 1775/2133/1220 1776/2134/1220
f 145/148/1221 455/2135/1221 966/2136/1221 146/149/1221
f 1375/2137/5 1581/1817/5 1202/1306/5 1353/2138/5
f 1592/1835/1222 327/333/1222 656/687/1222 655/686/1222
f 763/799/659 817/856/659 1777/2139/659 1771/2124/659
f 539/554/428 1778/2140/428 1779/2141/428 184/555/428
f 1780/2142/2 1640/1905/2 1781/2143/2 1782/2144/2
f 984/1043/1223 983/1042/1223 758/2145/1223 757/1792/1223
f 526/540/1224 525/539/1225 1372/1524/1225 1638/1900/1224
f 625/652/1226 63/2146/1226 452/465/1226 626/653/1226
f 184/555/356 1779/2141/356 682/2147/356 185/2148/356
f 1601/1850/1227 1243/1448/694 799/838/693 1297/1428/1228
f 1454/1634/45 1652/1922/45 599/2149/45 598/2150/45
f 1702/2002/5 1394/1556/5 1466/1648/5 1647/1912/5
f 1644/1909/5 1643/1908/5 1615/1866/5 1614/1865/5
f 1148/1236/1229 1776/2134/1229 1568/1800/1229 566/583/1229
f 1017/2151/765 836/2152/765 1289/1416/765 1288/1415/765
f 1746/2083/1230 912/960/1230 876/917/759 1393/1555/758
f 1599/1844/958 1623/1877/1231 1622/1876/1231 288/293/117
f 1583/2153/1015 978/1037/1232 1507/1703/1233 1428/1702/1016
f 1340/1485/1234 1783/2154/1235 902/949/1235 971/1026/1234
f 1290/1417/1236 1293/1420/1236 1052/1121/1236 1628/1885/1236
f 872/913/225 871/912/225 1508/1708/225 373/1707/225
f 1146/1234/5 1418/1593/5 1229/1342/5 1147/1235/5
f 768/804/5 767/803/5 398/407/5 1686/1978/5
f 399/408/1237 244/248/1237 1191/1291/1238 1784/2155/1239
f 998/1060/472 875/916/403 878/919/403 999/1061/472
f 1775/2133/2 1175/1270/2 1177/1272/2 1569/1801/2
f 764/800/356 763/799/356 1771/2124/356 1028/1094/356
f 436/448/1240 1567/1798/1240 366/1799/1240 437/449/1240
f 1066/1141/1241 768/804/1241 1686/1978/1241 1067/1142/1241
f 1785/2156/1242 731/765/328 734/768/328 1786/2157/1242
f 1075/1151/231 1748/2086/231 1006/2089/231 1076/1152/231
f 252/1929/1243 854/2031/1243 17/17/1243 1039/1105/1243
f 960/1015/929 751/785/1244 128/2158/1244 131/1810/929
f 1380/2159/1245 1121/1204/1245 597/619/1245 596/618/1245
f 1123/1206/5 1756/2100/5 1459/1639/5 1458/1638/5
f 908/956/1246 397/406/1246 499/512/1246 491/504/1246
f 1787/2160/5 1357/1506/5 1073/1149/5 1634/1896/5
f 1468/2066/5 1736/2065/5 1581/1817/5 1375/2137/5
f 1703/2003/1157 1298/1429/1156 394/403/1247 1704/2004/1247
f 848/976/1248 506/2161/1249 298/303/1249 300/306/1250
f 395/404/1251 1299/1430/1252 1616/1867/1253 1615/1866/1251
f 1389/1588/2 1574/2162/2 1082/1159/2 1416/1589/2
f 1754/2096/2 1684/2163/2 962/1017/2 260/265/2
f 1705/2006/1254 997/1059/471 1000/1062/471 1168/1261/1254
f 693/724/1255 692/723/1255 1003/1065/1255 865/2164/1255
f 140/143/1256 143/146/366 712/743/369 1788/2165/1256
f 1000/1062/578 999/1061/1257 6/6/1258 5/5/579
f 236/240/2 235/239/2 1789/2166/2 1536/1752/2
f 1336/2167/712 1540/1757/883 1058/1127/883 1337/2168/712
f 146/149/122 1417/1590/122 1586/1823/123 147/150/123
f 573/591/1259 831/871/1260 1787/2160/1261 571/588/1259
f 1620/1872/1262 464/477/1262 467/480/1262 849/890/1262
f 1358/1507/1263 1790/2169/1263 893/939/1263 892/938/1263
f 1791/2170/2 1409/1579/2 1412/1582/2 1661/1939/2
f 986/1046/1056 61/61/1056 64/64/1056 1574/1806/1056
f 1218/1326/5 174/177/5 479/492/5 1219/1327/5
f 1025/1087/1264 1755/2099/1264 370/1706/1264 1026/1088/1264
f 659/690/956 142/1843/955 141/2171/1265 1792/2172/1265
f 1792/2172/1266 141/2171/1266 1656/1928/1266 1655/1927/1266
f 1303/2173/329 1737/2067/329 1714/2018/1142 1302/2060/1142
f 1100/1179/1267 1129/1212/1267 1132/1215/1267 1490/1679/1267
f 1353/2138/5 1202/1306/5 1333/1478/5 1354/1916/5
f 551/568/5 550/567/5 622/649/5 621/648/5
f 1434/1609/1268 1078/1154/1268 1259/2174/1268 1763/2108/1268
f 1119/1202/305 403/412/305 402/411/305 1120/1203/305
f 614/640/1269 613/639/1270 1048/1115/1271 1596/1839/1269
f 624/651/1272 548/565/1272 551/568/1272 621/648/1272
f 1550/1774/894 1279/1773/894 1318/1459/1273 377/385/1273
f 965/2036/543 1388/1548/543 1390/1550/543 966/2175/543
f 1651/1921/1274 1718/2024/1104 1453/1633/1106 1566/1797/1274
f 1382/1538/2 418/427/2 417/426/2 271/276/2
f 450/463/5 1036/1102/5 1182/1277/5 1654/1926/5
f 1362/1511/1275 1361/1510/1275 869/910/1275 1030/2176/1275
f 1424/1599/45 1423/1598/45 177/2177/45 176/2178/45
f 70/2179/5 1336/1481/5 1335/1480/5 1630/1890/5
f 1663/1941/5 1617/1868/5 89/89/5 1451/1630/5
f 1635/1897/992 282/287/1276 285/290/1276 1634/1896/991
f 23/23/1277 1793/2180/1277 120/123/1277 1673/1955/1277
f 1055/1124/1278 1471/1653/1278 1628/1885/1278 1052/1121/1278
f 687/718/1279 296/301/92 463/476/92 462/475/1279
f 680/711/299 1043/1110/487 1601/2181/1280 204/207/1281
f 1264/1384/1282 904/952/1283 826/866/382 829/869/385
f 1510/1712/1284 306/312/1284 1790/2182/1284 1358/2183/1284
f 558/575/1285 1526/1736/876 888/1739/876 559/576/1285
f 874/915/1286 396/405/1286 1643/1908/1286 1646/1911/1286
f 290/2184/119 293/2185/119 683/714/1287 686/717/1287
f 1346/1492/5 1448/1627/5 538/553/5 1010/1072/5
f 1774/2130/1213 1723/2129/1212 1498/1688/1288 1497/1687/1288
f 138/141/1 137/140/1 1531/1744/1 129/132/1
f 1794/2186/1289 989/1049/1290 1533/1746/1291 1675/1958/1291
f 216/220/5 914/2187/5 102/102/5 101/101/5
f 1663/1941/1030 1451/1630/803 1450/1629/802 521/535/1031
f 1580/1816/234 1577/1813/234 1215/1323/234 1214/1322/234
f 1174/1269/1292 1173/1268/1292 1732/2049/1292 645/2048/1292
f 1704/2004/2 908/956/2 665/696/2 896/1923/2
f 987/1047/215 1388/1548/215 1626/1881/215 988/1048/215
f 1029/1095/509 1539/1756/509 650/681/509 649/680/509
f 474/487/1293 1717/2023/1293 783/820/1293 471/484/1293
f 514/528/1294 513/527/1294 432/443/1294 431/442/1294
f 1795/2188/1295 1496/2189/1296 679/710/1296 580/598/1297
f 547/564/2 546/563/2 600/622/2 1750/2090/2
f 230/234/1298 687/718/1279 462/475/1279 231/235/1298
f 1675/1958/92 1523/1957/92 1308/2190/92 1794/2186/92
f 832/872/92 573/591/92 281/590/113 280/2191/113
f 1796/2192/5 1797/2193/5 1291/1418/5 1420/2194/5
f 361/367/2 360/366/2 1364/1513/2 1234/1348/2
f 1333/1478/710 1202/1306/710 1165/1258/710 1164/1257/710
f 1479/1663/1299 1698/1998/1300 1798/2195/1301 562/579/1302
f 1267/1389/1303 1378/1530/1303 389/398/1303 1355/1503/1303
f 1420/2194/180 1291/1418/180 1290/1417/180 1421/1887/180
f 981/1040/197 81/81/198 84/84/199 301/307/199
f 1355/1503/5 1354/1502/5 1648/2196/5 1799/2197/5
f 66/110/1304 40/40/1304 607/672/838 67/2198/15
f 1493/1683/1105 974/1030/1105 1668/1947/1305 1494/1684/1306
f 1800/2199/1307 972/2200/1308 291/296/1309 290/295/1310
f 522/1167/518 898/945/517 897/944/305 519/2201/305
f 1801/2202/2 1728/2041/2 1636/2042/2 1637/2203/2
f 352/358/5 1658/1935/5 1802/2204/5 1284/1409/5
f 1610/1861/291 400/409/291 403/412/291 1119/1202/291
f 726/760/2 728/762/2 1125/1208/2 1803/2205/2
f 1246/1363/5 1320/1462/5 426/1464/5 425/1615/5
f 1698/1998/1077 1479/1663/841 918/1666/841 1695/1995/1077
f 1383/2206/1298 1738/2068/1298 1737/2067/329 1303/2173/329
f 1071/1147/5 1387/2207/5 1740/2208/5 1134/1217/5
f 1578/1814/2 1558/1783/2 1486/1674/2 50/50/2
f 476/489/1311 158/161/1312 157/160/1312 1657/2209/1313
f 103/1647/825 102/962/358 916/965/358 944/996/825
f 1670/1949/1314 1804/2210/1314 1751/2092/1314 1671/1950/1314
f 827/867/1315 826/866/422 691/722/421 690/721/1316
f 1805/2211/1317 1744/2080/1317 1754/2212/1317 1608/2213/1317
f 1447/2214/45 1345/2215/45 513/527/45 512/526/45
f 519/2216/1318 897/1924/1318 667/698/326 729/763/325
f 1030/1096/150 869/2217/150 872/1108/150 743/777/150
f 1777/2139/1319 1806/2218/1319 1772/2125/1319 1771/2124/1319
f 574/592/1320 1766/2112/1320 1742/2077/1164 1741/2076/1163
f 302/308/1321 1106/1187/1321 1108/1189/1321 354/360/1321
f 1408/1578/1322 777/814/1322 780/817/1322 1709/2012/1322
f 1134/1217/5 1740/2208/5 1727/2219/5 1135/1218/5
f 1807/2220/1323 1808/2221/1324 14/14/1325 13/13/1326
f 845/885/1327 1340/1485/1234 971/1026/1234 970/1025/1327
f 29/29/1328 392/2222/1328 391/1842/954 658/689/953
f 946/1000/1329 203/206/84 206/209/86 380/2223/1330
f 684/715/302 845/885/1327 970/1025/1327 685/716/302
f 982/1041/1331 1100/1179/1331 1490/1679/1331 980/1039/1331
f 1782/2144/790 837/877/790 836/876/790 1017/2224/790
f 1729/2093/1128 1541/1758/1127 1542/1759/1332 1752/2094/1332
f 176/2178/1333 122/125/1333 121/124/1333 1424/1599/1333
f 966/2136/87 1390/1587/87 1417/1590/87 146/149/87
f 947/1001/696 946/1000/1329 380/2223/1330 593/1455/697
f 1594/1837/1334 771/807/1334 544/561/1334 885/926/1334
f 13/13/1326 936/987/1335 948/2225/1336 1807/2220/1323
f 746/2226/338 1440/1619/1093 1710/2013/1095 747/2227/339
f 7/7/1337 1349/1495/1338 160/2228/1339 422/2229/1340
f 61/61/225 986/1046/225 989/1049/1290 1794/2186/1289
f 348/354/1341 1642/2230/1342 1641/2231/1343 1387/1546/1344
f 671/2232/5 670/1504/5 776/813/350 775/812/349
f 542/2233/1345 358/364/1345 361/367/1345 637/1347/1345
f 1005/1067/170 239/243/170 820/859/170 1003/1065/170
f 839/2126/45 1579/1815/45 1289/1416/45 836/2152/45
f 1399/1567/1346 1/2234/1346 509/2128/1211 1773/2127/1210
f 264/269/256 582/2235/255 1136/2236/1347 265/270/1347
f 1726/2038/1348 1274/1397/1348 576/594/1348 673/704/1348
f 86/86/141 1809/2237/141 1810/2238/141 87/87/141
f 1646/1911/5 1645/1910/5 1020/2239/5 1019/2114/5
f 1086/1164/1168 1456/2079/1168 1717/2240/1349 1811/2241/1349
f 977/1036/1350 952/1007/1351 910/958/1351 1189/1289/1352
f 678/709/1 677/708/1 1306/1442/1 1176/1271/1
f 165/168/92 164/167/92 1159/2242/92 531/545/92
f 1718/2024/5 1644/1909/5 1614/1865/5 1662/1940/5
f 1504/1697/1179 26/26/1178 25/25/1353 1812/2243/1354
f 916/965/2 915/964/2 215/219/2 214/218/2
f 1813/2244/1355 1814/2245/1356 1815/2246/1356 1816/2247/1355
f 978/1037/1232 977/1036/1350 1189/1289/1352 1507/1703/1233
f 1739/2074/92 474/2248/92 473/1692/92 1296/1423/92
f 518/532/92 1639/2249/92 1687/2250/92 515/529/92
f 467/480/1357 466/479/1357 1535/1748/1357 850/891/1357
f 1812/2243/1354 25/25/1353 552/569/236 317/323/235
f 246/250/1358 1168/1261/1358 1169/1262/1358 1547/1770/1358
f 1039/1105/5 17/17/5 20/20/5 1040/1106/5
f 982/1041/5 301/307/5 303/309/5 1098/1177/5
f 213/2251/1359 172/175/1359 171/174/1359 1543/1760/1359
f 1079/1155/92 1081/1158/92 1404/1574/92 1414/1807/92
f 433/445/1360 275/444/1360 274/1981/1360 1236/1351/1360
f 1690/1987/1361 153/156/1361 907/955/1361 1700/2000/1361
f 1326/2252/1362 422/433/1362 423/434/1362 1587/1824/1362
f 1537/2253/5 1469/1651/5 669/700/5 668/699/5
f 1135/2254/5 1727/2255/5 973/1831/5 1590/1830/945
f 1076/2256/1363 1006/1068/1363 1009/1071/1363 1817/2257/1363
f 985/1769/1364 110/111/1364 113/114/1364 759/795/1364
f 1585/1822/2 1084/1162/2 29/2258/2 32/1089/2
f 1017/2151/2 1288/1415/2 1080/1157/2 1018/1156/2
f 552/569/786 25/25/6 28/28/6 1430/1605/786
f 1691/1988/1365 140/143/1365 1788/2165/1365 1818/2259/1365
f 704/735/317 319/325/316 1747/2084/1366 911/959/1366
f 1732/2049/1367 1173/1268/1367 1247/1364/1367 1178/1273/1367
f 1074/2260/1368 77/77/1368 80/80/1369 1635/2261/1369
f 594/616/532 1104/1185/531 1769/2119/1370 595/617/1371
f 1665/2262/1372 1819/2263/1372 1172/1267/1373 1171/1266/1373
f 643/2055/1136 128/2158/233 751/785/233 750/784/1136
f 273/278/1374 272/277/823 703/734/823 704/735/1374
f 1398/1565/1375 1397/1564/1375 178/181/1375 177/180/1375
f 265/2264/1376 1590/1830/945 74/74/20 73/73/19
f 999/1061/1257 878/919/1377 1347/1493/1378 6/6/1258
f 939/991/1379 171/174/1379 174/177/1379 1218/1326/1379
f 632/2265/1380 1692/1992/1380 1180/1275/1381 956/2266/1382
f 1452/1631/5 92/92/5 1199/1301/5 1457/1637/5
f 887/928/1383 886/927/1383 110/111/1383 985/1769/1383
f 1102/1183/300 806/845/300 1820/2267/300 1008/1070/300
f 664/695/1384 663/694/1114 1722/2030/1115 1821/2268/1385
f 242/246/1386 1274/1397/1386 1726/2038/1387 1822/2269/1388
f 1122/1205/1389 1757/2101/1189 1756/2100/1188 1123/1206/1389
f 1192/1292/640 247/251/1390 1548/1771/1390 1256/1374/641
f 92/92/32 91/91/31 1200/1302/606 1199/1301/605
f 1817/2257/225 805/844/225 808/847/225 1477/1660/225
f 153/156/1391 1690/1987/1391 1689/1986/1392 154/157/61
f 901/948/3 900/947/3 929/979/3 928/978/3
f 1823/2270/1393 1023/1085/475 1024/1086/477 1323/1466/1394
f 1666/1945/1035 1171/1944/1034 1174/2271/1395 1824/2272/1395
f 1385/1544/1396 43/43/1397 42/42/312 698/729/311
f 1825/2273/5 341/2274/5 1826/2275/5 1253/1371/5
f 477/490/1398 476/489/1311 1657/2209/1313 1285/1410/1399
f 1598/1841/1400 329/335/241 1565/1962/241 736/2276/1400
f 1470/1652/2 236/240/2 1536/1752/2 1524/1734/2
f 1360/1509/1401 1359/1508/1401 34/1673/9 1485/1672/849
f 269/274/1402 268/273/287 540/557/290 543/560/1402
f 868/909/1403 867/908/1403 221/225/1403 1311/1450/1403
f 1806/2218/765 1777/2139/765 1764/2109/765 1016/1078/765
f 1827/2277/92 1660/2278/92 421/432/92 420/431/92
f 68/68/16 67/67/15 501/2279/207 1131/1214/551
f 1490/1679/1404 1489/1678/1404 1677/2280/1404 980/1039/1404
f 810/849/1405 1554/1779/1405 1701/2001/1082 162/165/1081
f 166/1368/1406 109/2281/1406 66/66/14 65/65/14
f 1250/2282/1407 1530/1743/1407 164/2283/1407 166/2284/1407
f 243/247/1408 242/246/1408 1822/2269/1409 1828/2285/1410
f 1083/2286/1 625/2287/1 393/2288/1 392/2289/1
f 1321/1613/792 1758/2103/1411 790/829/1412 1436/1614/792
f 1530/1743/170 1160/1251/170 1159/1250/170 164/2283/170
f 1460/1891/5 1352/1500/5 1309/1446/5 1461/1860/5
f 1829/2290/1413 917/966/1414 1762/2291/1415 1761/2292/1413
f 581/599/2 680/711/299 204/207/1281 203/206/2
f 1642/2230/1001 1598/1841/1400 736/2276/1400 735/2293/1001
f 1679/1964/1416 1556/2294/1416 1729/2093/1417 1680/1965/1417
f 1830/2295/1418 1823/2270/1393 1323/1466/1394 1322/1465/1419
f 478/491/1420 477/490/1420 1831/2296/1420 1832/2297/1420
f 870/911/2 1604/1853/2 1650/1919/2 871/912/2
f 881/922/407 1833/2298/1421 1834/2299/1422 882/923/408
f 1656/1989/1423 1691/1988/1423 1738/2068/1423 1383/2206/1423
f 1374/1526/1424 1373/1525/783 1133/1216/783 1136/1219/1424
f 502/515/1425 56/56/1425 1529/1742/1425 1489/1959/1425
f 1648/1917/5 1334/1479/5 1292/1419/5 1797/2193/5
f 44/44/665 475/488/664 478/491/1426 41/41/1427
f 1416/1589/2 1082/1159/2 1084/1162/2 1585/1822/2
f 1763/2108/1428 1780/2300/1428 1016/1078/1428 1764/2109/1428
f 1833/2298/1421 1679/2301/1049 1678/1970/1048 1834/2299/1422
f 1474/1657/835 1693/2302/1070 1371/1523/1159 1370/1522/1429
f 1198/2303/604 630/657/92 1522/1732/92 533/2304/604
f 359/365/183 213/2251/182 1543/1760/1430 360/366/1430
f 979/1038/2 187/190/2 190/193/2 325/2022/2
f 1788/2165/1431 712/743/1431 715/746/1431 1818/2259/1431
f 1429/1604/2 1591/1833/2 1426/1601/2 1425/1600/2
f 797/836/1432 796/835/1047 1680/1965/1050 1753/2095/1432
f 1316/1457/1433 618/645/1433 279/284/1433 278/283/1433
f 286/291/1434 945/997/1435 104/104/1435 105/105/1434
f 1067/1142/1436 1686/1978/1436 568/585/1436 567/584/1436
f 593/615/1437 380/388/162 382/391/162 594/616/1437
f 821/860/1438 1741/2076/1438 1553/1778/899 809/848/898
f 420/431/356 1499/2305/356 1410/2306/356 1827/2277/356
f 505/518/1439 504/517/1440 604/2307/1440 606/2308/1439
f 1716/2020/5 1715/2019/5 723/755/5 435/757/5
f 1205/1309/1441 308/314/1441 1631/1892/1441 1669/1948/1441
f 1180/1275/588 1692/1992/1068 1109/1190/1068 1114/1196/588
f 1808/2221/1442 1807/2220/1443 976/1035/1443 364/370/1442
f 749/783/2 1426/1601/2 1591/1833/2 750/784/2
f 396/405/1444 395/404/1444 1615/1866/1444 1643/1908/1444
f 1361/1510/1445 1602/1851/1445 870/911/1445 869/910/1445
f 266/2309/106 265/2264/105 73/73/1446 1237/1353/1446
f 283/288/115 1732/2049/1447 1178/1273/1447 284/289/116
f 1197/1298/790 1196/1297/790 1476/1659/790 1475/1658/790
f 865/2164/92 1003/1065/92 820/859/92 862/2310/92
f 996/1058/1 1625/1879/1 1225/1336/1 993/1055/1
f 883/924/5 882/923/5 1277/1400/5 1835/2311/5
f 1392/2312/170 1391/1709/170 785/822/170 1415/2313/170
f 1426/1601/775 749/783/775 642/669/775 641/668/775
f 782/819/100 1440/1619/100 746/2226/101 1582/1979/101
f 682/713/762 681/712/762 1836/2314/762 185/188/762
f 1837/2315/2 1432/1607/2 696/727/2 1240/1356/2
f 1654/1926/1448 1182/1277/1448 928/1280/1448 930/2316/1448
f 549/1133/45 548/2317/45 385/394/45 384/393/45
f 1464/1644/2 603/625/2 1025/1087/2 802/841/2
f 1200/1302/1449 91/91/1449 1206/1764/1449 1770/2318/1449
f 58/58/1450 1271/2319/1451 1186/2320/1452 59/59/1450
f 498/511/1453 497/510/210 505/518/210 1518/1726/1454
f 1108/1189/1364 879/920/1364 355/361/1364 354/360/1364
f 603/625/1455 602/624/1455 1755/2099/1455 1025/1087/1455
f 515/529/834 1687/2250/1071 1693/2302/1070 1474/1657/835
f 860/901/395 1111/2321/1456 1522/1732/1457 861/902/396
f 238/242/5 1315/2322/5 218/222/5 217/221/5
f 1127/1210/1458 307/313/1458 1511/1713/1458 1128/1211/1458
f 510/524/1459 4/4/1460 1659/1937/1460 1838/2323/1461
f 1264/1384/5 1002/1064/5 1005/1067/5 1004/1066/5
f 377/385/1273 1318/1459/1273 1317/1458/778 378/386/778
f 1697/1997/1462 1696/1996/1462 1761/2106/1462 1760/2105/1462
f 929/979/1463 1464/1644/1463 802/841/1463 801/840/1463
f 1072/1148/504 1071/1147/503 1134/1217/553 1133/1216/552
f 1755/2324/1423 449/462/1423 371/379/1423 370/378/1423
f 1518/1726/871 505/518/1439 606/2308/1439 1402/1727/871
f 1423/1598/1464 1560/1786/1464 1398/2325/1464 177/2177/1464
f 484/497/2 1664/1942/2 1666/1945/2 1733/2056/2
f 1624/1878/1465 1623/1877/1465 1690/1987/1465 1700/2000/1465
f 1839/2326/1362 1122/1205/1362 1121/1204/1466 1380/2159/1466
f 532/546/2 1719/2027/2 1248/1365/2 424/435/2
f 873/914/401 208/211/400 207/210/1202 1104/1185/1201
f 323/329/1467 322/328/1467 1688/2053/1467 1681/1966/1467
f 586/605/5 454/467/5 453/466/5 587/606/5
f 1709/2012/5 780/817/5 1530/1743/5 1250/2282/5
f 1329/1474/5 1124/1207/5 1840/2327/5 1758/2103/5
f 1545/1766/426 995/1057/426 994/1056/426 1809/2237/426
f 249/254/1468 248/253/1469 1331/1476/1470 1330/1475/1468
f 1640/1905/2 1500/1693/2 1502/1695/2 1781/2143/2
f 701/732/1471 1137/1220/1471 1105/1186/1471 702/733/1471
f 1284/1409/180 1802/2204/180 858/899/180 1831/2296/180
f 1812/2243/5 819/858/5 943/995/5 1504/1697/5
f 1833/2298/1472 1557/2328/1472 1556/2329/1416 1679/2301/1416
f 1710/2330/5 1709/2331/5 1250/1367/5 1249/1366/5
f 881/922/45 1841/2332/45 1557/2328/1472 1833/2298/1472
f 1051/1119/356 1140/1224/356 1273/1396/356 1842/2333/356
f 1226/1337/5 1468/1650/5 1375/1527/5 388/397/5
f 75/75/1473 558/575/1473 557/574/1473 76/76/1473
f 1536/1752/881 1789/2166/1474 1068/2334/1474 1069/1753/881
f 1527/1740/893 71/71/893 70/70/893 1630/2335/893
f 1784/2155/1239 1191/1291/1238 196/199/80 195/198/79
f 1738/2068/1475 1691/1988/1475 1818/2259/1475 715/746/1475
f 936/1834/1335 628/655/275 629/656/277 948/2336/1336
f 202/304/1476 201/2337/1476 689/863/379 299/305/378
f 1161/1252/5 1160/1251/5 779/816/5 507/520/5
f 1762/2291/1195 891/934/413 564/937/413 563/2338/1195
f 1307/1487/1477 1306/2131/1217 953/1008/1219 1342/1488/1477
f 927/977/535 848/976/1248 300/306/1250 1107/1188/536
f 1554/1779/5 1746/2083/5 1393/1555/5 1701/2001/5
f 163/166/1084 1702/2002/1083 1647/1912/1478 423/434/1479
f 1211/1317/2 1514/1721/2 1432/1607/2 1837/2315/2
f 1584/2339/5 1400/1930/5 1657/1933/5 157/2340/5
f 1707/2010/1480 1706/2009/1480 1551/1775/1480 1843/2341/1480
f 554/571/238 498/511/1453 1518/1726/1454 555/572/239
f 1145/1231/565 1144/1230/565 1116/1199/542 1115/1198/542
f 1033/1099/2 1142/1228/2 256/261/2 255/260/2
f 672/703/836 1474/1657/835 1370/1522/1429 1573/1805/1481
f 1088/1166/516 1087/1165/515 1085/1163/512 834/874/511
f 971/1026/460 902/949/417 524/951/420 523/1027/461
f 1427/1602/5 1455/2342/5 914/2187/5 216/220/5
f 814/853/1482 1621/1875/1482 1624/1878/1482 815/854/1482
f 1313/1452/1483 1396/1560/1483 1716/2020/1483 1314/1453/1483
f 492/505/790 500/513/790 1014/1076/790 635/662/790
f 1194/1859/291 1609/1858/291 1487/2343/291 1195/2344/291
f 461/634/5 1201/2345/5 226/230/5 225/229/5
f 911/959/1484 1747/2084/1484 346/352/1485 1190/1290/1486
f 1819/2263/1487 181/184/1488 180/183/1488 1320/1462/1489
f 1826/2346/5 1844/2347/5 1584/2339/5 157/2340/5
f 1238/1354/1490 1768/2118/1491 1244/2348/1491 1239/1355/1490
f 1779/2141/1404 1447/1626/1404 512/2349/1404 682/2147/1404
f 1234/1348/2 1364/1513/2 1242/1358/2 1241/1357/2
f 83/83/5 96/96/5 927/977/5 1106/1187/5
f 748/782/5 747/781/5 1845/2350/5 1130/1213/5
f 1824/2272/1492 1174/2271/1492 645/674/1492 644/673/1492
f 1253/1371/5 1826/2275/5 157/160/5 156/159/5
f 1814/2245/1356 134/137/458 969/1024/458 1815/2246/1356
f 1190/1290/1486 346/352/1485 349/355/502 1070/1704/501
f 188/191/291 187/190/291 979/1038/291 1517/1725/291
f 1671/1950/92 1751/2092/92 357/363/92 356/362/92
f 722/2351/92 1498/2033/92 1674/1956/92 1673/1955/92
f 1794/2186/92 1308/2190/92 62/62/92 61/61/92
f 112/113/1493 111/112/1493 1750/2090/1493 1731/2046/1493
f 885/926/1494 544/561/1494 547/564/1494 886/927/1494
f 1097/1176/2 1096/1175/2 1676/1960/2 1672/1951/2
f 1588/1825/1495 827/867/1315 690/721/1316 1589/1826/1495
f 1694/1994/5 365/2352/5 374/2353/5 198/2354/5
f 913/961/1496 344/350/145 343/349/144 1611/1862/1496
f 1150/1238/799 965/1020/799 454/467/799 586/605/799
f 63/2146/572 62/1444/572 453/466/572 452/465/572
f 1360/1509/734 1603/1852/1497 1602/1851/1497 1361/1510/735
f 1606/1855/966 1181/1276/1498 699/730/1498 1037/1103/967
f 1576/1812/616 1499/1689/616 405/414/616 404/413/616
f 8/8/707 7/7/1337 422/2229/1340 1326/1470/708
f 1054/1123/2 615/641/2 617/644/2 1222/2355/2
f 767/803/1499 1705/2006/1499 245/249/1499 398/407/1499
f 287/292/732 286/291/1434 105/105/1434 108/108/732
f 1231/1344/2 1230/1343/2 1379/1531/2 1570/1802/2
f 481/494/1500 1312/1984/1500 1315/2322/1500 238/242/1500
f 1034/2021/1102 1564/1790/1102 1757/2101/1501 1031/2356/1501
f 1069/1144/5 233/237/5 1469/1651/5 1537/2253/5
f 954/1009/5 794/833/5 797/836/5 955/1010/5
f 1632/1893/5 748/782/5 1130/1213/5 1129/1212/5
f 291/296/120 526/540/1224 1638/1900/1224 292/297/120
f 1442/1621/1502 1521/1731/1502 1057/1126/1502 1056/1125/1502
f 654/685/1 1545/1766/1 1809/2237/1 86/86/1
f 432/443/1503 513/527/1503 1345/2215/1503 591/612/1503
f 1816/2357/1504 1815/2358/1505 1823/2359/1506 1830/2360/1507
f 652/825/225 651/1717/225 1513/1720/225 1413/2361/225
f 516/530/2 486/499/2 769/805/2 517/531/2
f 1846/2362/1508 1847/2363/1509 1621/1875/1510 814/853/1511
f 1802/2204/1512 427/438/1512 430/441/1512 858/899/1512
f 250/255/1 249/254/1 791/830/1 867/908/1
f 1781/2143/1513 229/233/1513 837/877/1513 1782/2144/1513
f 1581/1817/710 1736/2065/710 1516/1724/710 1515/1723/710
f 1502/1695/1514 230/234/1514 229/233/1514 1781/2143/1514
f 1660/2278/1515 1411/2364/1515 1576/2365/1515 421/432/1515
f 379/387/2 1541/2043/2 1555/1780/2 376/384/2
f 923/1226/5 1141/1225/5 1050/1118/5 924/1117/5
f 486/499/215 485/498/215 852/893/215 769/805/215
f 444/456/356 1577/1813/356 1610/1861/356 1119/1202/356
f 1845/2350/1516 1249/1366/1517 65/65/1517 68/68/16
f 790/829/1518 789/828/1518 482/495/356 1436/1614/356
f 1018/2366/1519 1079/1584/1519 1413/1583/1519 1513/2367/1519
f 368/374/2 323/329/2 1681/1966/2 1488/1676/2
f 1565/1791/1520 1431/2368/1521 951/1006/1522 950/1005/1520
f 1645/1910/5 1651/1921/5 1401/1920/5 1020/2239/5
f 1617/1868/1523 1616/1867/1523 90/90/30 89/89/29
f 619/646/2 1824/2272/2 644/673/2 620/647/2
f 1009/1071/1524 1848/2369/1524 805/844/1524 1817/2257/1524
f 1817/2257/92 1477/1660/92 191/2370/92 1076/2256/92
f 920/969/434 919/968/433 1540/1757/1525 1849/2371/1526
f 129/132/1527 1531/1744/1527 536/551/1527 130/133/1527
f 847/888/5 1161/1252/5 507/520/5 506/519/5
f 1658/1935/5 1343/1489/5 427/438/5 1802/2204/5
f 894/2069/1528 493/506/1528 77/77/1528 1074/2260/1528
f 631/1936/1529 1501/1694/1529 1692/1992/1529 632/2265/1529
f 1650/1919/177 1157/1247/178 530/544/178 529/543/177
f 1286/1431/5 1229/1342/5 816/855/5 1300/1432/5
f 831/871/1260 1170/2372/1530 1357/1506/1531 1787/2160/1261
f 1213/1543/615 990/1976/614 43/43/1397 1385/1544/1396
f 204/207/1532 1601/2181/1227 1297/2050/1228 205/208/1532
f 556/2373/753 1263/2374/753 1265/2375/1533 1266/2376/1533
f 1041/1107/1534 1040/1106/1534 884/1975/1534 887/1044/1534
f 1609/1858/2 666/697/2 490/503/2 489/502/2
f 321/1561/1 1313/1452/1 1312/1451/1 322/2377/1
f 1835/2311/1535 1277/1400/1535 1184/1403/1535 1185/2378/1535
f 824/864/2 151/154/2 58/58/2 57/57/2
f 541/1570/769 258/263/768 358/1870/1536 542/2379/1536
f 829/869/385 828/868/384 440/2072/1404 1001/1063/1404
f 1589/1826/1537 690/721/1537 693/724/1537 1377/1827/1537
f 1407/1577/1538 1719/2027/1538 200/203/1538 199/202/1538
f 1016/1078/2 1780/2300/2 1782/2380/2 1017/1079/2
f 1811/2241/1539 1717/2240/1539 474/2248/1539 1739/2074/1539
f 613/639/1270 1629/1889/1042 1049/1116/1043 1048/1115/1271
f 410/419/1540 1527/1740/1540 1630/2335/1540 1460/1640/1540
f 815/854/1150 1624/1878/1150 1700/2000/1150 1549/1772/1150
f 131/134/1541 744/778/1541 132/135/1541 1575/2085/1541
f 1431/2368/1521 1430/2381/1542 1382/1538/1543 951/1006/1522
f 356/362/225 1097/1176/225 1672/1951/225 1671/1950/225
f 1685/1977/1544 1188/1286/595 590/609/598 589/608/1544
f 332/338/138 1682/1968/1052 1683/1969/1052 333/339/138
f 147/150/123 1586/1823/123 1567/1798/356 436/448/356
f 967/1022/608 1254/1372/608 1708/2011/608 223/227/608
f 218/222/1545 434/446/1545 437/449/1545 219/223/1545
f 151/154/58 150/153/57 1271/2319/654 58/58/1546
f 718/749/1547 1811/2241/1547 1739/2074/1547 719/750/1547
f 1584/2339/935 1844/2347/1548 1765/2382/1548 1384/2383/936
f 1815/2246/1505 969/1024/1017 1023/1085/1018 1823/2270/1506
f 1542/1759/2 1405/1575/2 1175/1270/2 1775/2133/2
f 543/560/478 542/559/478 637/664/478 636/663/478
f 304/310/1549 1126/1209/1549 494/507/1549 493/506/1549
f 1046/1113/1 1045/1112/1 1437/1616/1 1403/1573/1
f 185/188/1524 1836/2314/1524 1235/1350/1524 186/189/1524
f 1608/1857/491 182/185/491 181/184/491 1805/2384/491
f 1806/2218/2 1016/1078/2 650/681/2 1539/1756/2
f 1273/1396/762 1728/2041/762 1801/2202/762 1842/2333/762
f 1056/1125/1550 1156/1246/1550 1443/1622/1550 1442/1621/1550
f 1469/1651/831 233/237/94 236/240/94 1470/1652/831
f 1299/1430/1252 1203/1763/888 90/90/887 1616/1867/1253
f 319/325/5 318/324/5 330/336/5 1747/2084/5
f 295/300/1551 611/633/1551 725/759/1551 1281/1406/1551
f 1850/2385/5 1835/2311/5 1844/2347/5 1826/2346/5
f 1851/2386/1552 1813/2387/1355 1816/2357/1355 1852/2388/1552
f 347/353/952 1598/1841/951 1642/2230/1342 348/354/1341
f 1206/1310/241 1205/1309/241 1669/1948/241 1770/2122/241
f 447/460/1553 1814/2245/1554 1813/2244/1555 1853/2389/1556
f 1117/1200/564 1143/1229/563 1231/1344/1003 1276/1399/1002
f 524/538/219 903/1359/629 931/981/632 525/539/220
f 82/82/653 93/93/33 96/96/36 83/83/1557
f 1315/1454/5 1314/1453/5 434/2132/5 218/2390/5
f 1831/2296/75 477/490/1398 1285/1410/1399 1284/1409/75
f 955/1010/1558 797/836/1558 1753/2095/1558 1148/1236/1558
f 363/369/1559 1493/1762/45 1496/2189/45 1795/2188/1559
f 601/623/1560 1112/1427/1560 1035/2097/1560 602/624/1560
f 1854/2391/1561 612/637/270 614/640/272 1595/1838/1562
f 1059/1664/493 1479/1663/1299 562/579/1302 561/578/494
f 1170/2372/1530 1510/2392/1563 1358/1507/1563 1357/1506/1531
f 59/59/1134 1186/2320/593 1187/2393/594 1096/1175/1134
f 835/875/1564 1086/1164/1564 1811/2241/1564 718/749/1564
f 1351/1499/449 1462/1642/449 1804/2210/449 1670/1949/449
f 759/795/371 113/114/371 899/946/415 760/796/415
f 1768/2118/1491 207/210/1565 210/213/1565 1244/2348/1491
f 1829/2290/1566 1695/2394/1567 918/967/432 917/966/431
f 1580/1816/543 1515/1723/543 1517/1725/543 1525/1735/543
f 676/1591/865 1317/1458/700 795/1461/703 794/2395/866
f 342/348/618 345/351/1568 115/116/1568 1232/1345/619
f 1007/1069/1569 1730/2396/1569 1102/1183/1569 1008/1070/1569
f 75/75/5 362/1540/5 365/2352/5 1694/1994/5
f 747/781/5 1710/2330/5 1249/1366/5 1845/2350/5
f 660/691/1570 659/690/1570 1792/2172/1570 1655/1927/1570
f 674/705/1119 579/597/1571 1720/2028/1571 1725/2037/1120
f 945/997/1435 214/218/89 101/101/89 104/104/1435
f 158/161/1572 1280/1405/1572 1519/1729/478 159/162/478
f 1410/2306/1573 1409/2397/1573 1791/2398/1573 1827/2277/1573
f 1822/2269/1388 1726/2038/1387 1494/1684/1306 1668/1947/1305
f 1332/1477/5 1252/1370/5 967/1022/5 793/832/5
f 940/992/1190 939/991/1574 1218/1326/1574 98/98/1191
f 1713/2399/2 1605/2400/2 1042/1109/2 679/710/2
f 1113/1195/5 984/1043/5 757/1792/5 1183/1278/5
f 1701/2001/5 1393/1555/5 1394/1556/5 1702/2002/5
f 1230/1343/1575 1839/2401/1575 1380/1532/751 1379/1531/750
f 1309/1446/1576 1352/1500/1576 409/418/1576 408/417/1576
f 168/171/745 338/344/745 248/2402/745 169/172/745
f 1503/1696/5 1699/1999/5 1147/1411/5 1287/1414/5
f 575/593/253 574/592/252 823/862/1577 1855/2403/1578
f 1783/2154/1579 798/837/1579 800/839/1579 902/949/1579
f 1566/1797/1580 730/1796/1580 1194/1294/1580 1193/1293/1580
f 1776/2134/1581 1775/2133/1581 1569/1801/1581 1568/1800/1581
f 1744/2080/1582 1805/2211/1582 1665/1943/1033 1664/1942/1032
f 1548/1771/2 1547/1770/2 457/470/2 456/469/2
f 841/881/2 167/170/2 170/173/2 842/882/2
f 1327/1472/1583 1654/1926/1583 930/2316/727 694/2116/728
f 1166/1259/291 616/642/291 615/641/291 1167/1260/291
f 1744/2080/2 1381/1534/2 1684/1974/2 1754/2212/2
f 1603/1852/1584 1360/1509/1584 1485/1672/849 1604/1853/1009
f 1125/1208/1585 464/477/1585 1620/1872/1585 1619/1871/1585
f 1454/1634/234 598/2150/234 1520/1730/234 1441/1620/234
f 209/999/446 560/1283/1586 203/206/1586 946/1000/447
f 339/345/141 1015/1077/141 1022/2115/141 340/346/141
f 1856/2404/1587 1612/1863/971 1606/1855/974 1605/1854/1587
f 899/946/1588 1731/2046/1588 1463/1643/1588 900/947/1588
f 41/41/1427 478/491/1426 1832/2297/1317 1240/1356/1317
f 1254/1372/1589 156/159/63 159/162/63 1708/2011/1589
f 1857/2405/5 1796/2406/5 1419/1594/5 851/892/5
f 108/108/5 107/107/5 1482/1669/846 1356/1505/845
f 1269/1391/659 822/861/659 1512/1716/659 1270/1392/659
f 1840/2327/1590 1458/1638/813 1275/1398/816 787/826/1591
f 1130/1213/550 1845/2350/1516 68/68/16 1131/1214/551
f 1809/2237/1592 994/1056/1592 387/396/1592 1810/2238/1592
f 334/340/1593 333/339/1088 45/45/1091 1042/2407/1593
f 828/2408/384 1376/1528/1149 441/453/1045 440/452/1045
f 499/512/1214 874/915/1214 1767/2113/1214 500/513/1214
f 1486/1674/1594 1841/2409/1595 1195/2410/1596 1487/1675/1596
f 1786/2157/1597 661/2411/293 664/2412/293 1785/2156/1597
f 1762/2291/1415 917/966/1414 920/969/1598 891/934/1599
f 1573/1805/1600 1151/1239/1600 487/500/1600 672/703/1600
f 224/228/305 337/343/305 1311/1450/305 221/225/305
f 1560/1786/45 3/3/45 2/2/45 1398/2325/45
f 880/921/1601 1195/2413/1601 1841/2332/1601 881/922/1601
f 572/589/250 1179/1274/1602 278/1520/1602 281/590/251
f 568/585/5 399/408/5 1784/2155/5 569/586/5
f 1723/2034/1603 509/523/213 510/524/213 1724/2035/1603
f 608/630/1058 1582/1818/1057 1350/1498/724 54/54/723
f 670/701/1604 669/700/830 709/740/830 708/739/1604
f 1343/1489/5 1342/1488/5 428/439/5 427/438/5
f 1305/1439/1605 1233/1346/1606 812/2414/1607 811/1440/1605
f 1021/1083/5 883/924/5 1835/2311/5 1850/2385/5
f 991/1051/2 51/2415/2 1509/1711/2 841/881/2
f 1688/1985/593 481/494/198 480/493/197 439/2073/594
f 340/2416/5 1850/2385/5 1826/2346/5 341/2417/5
f 1526/1736/1076 1694/1994/1075 198/2354/82 197/1737/81
f 1154/1244/1608 711/1243/1 671/2418/1 775/2419/1608
f 1521/1731/180 179/182/180 182/185/180 1057/1126/180
f 1008/1070/762 1820/2267/762 1848/2369/762 1009/1071/762
f 1592/1835/92 655/686/92 85/85/92 1378/1530/92
f 856/897/1609 1211/1317/1609 1837/2315/1609 857/898/1609
f 309/315/126 1703/2071/1610 895/942/1610 310/316/127
f 1753/2095/824 1752/2094/824 1776/2134/824 1148/1236/824
f 980/1039/467 1677/2280/179 1187/1285/178 981/1040/468
f 1271/1394/1451 82/82/26 81/81/25 1186/1284/1452
f 230/234/1611 1502/1695/1611 688/719/304 687/718/303
f 1259/1379/1612 1640/1905/1612 1780/2142/1612 1763/2420/1612
f 1128/1211/1613 1511/1713/1613 1163/1254/574 1162/1253/573
f 878/919/1377 877/918/981 1348/1494/983 1347/1493/1378
f 886/927/1614 1750/2090/1614 111/112/1614 110/111/1614
f 627/2421/5 626/2422/5 145/148/5 144/147/5
f 126/2423/1528 488/501/1528 1152/1240/1528 127/1521/1528
f 1844/2347/710 1835/2311/710 1185/2378/710 1765/2382/710
f 1363/1512/1173 1743/2078/1172 1742/2077/1615 1766/2112/1615
f 288/293/117 1622/1876/1616 1858/2424/1617 289/294/118
f 1733/2056/2 1666/1945/2 1824/2272/2 619/646/2
f 10/10/1618 484/497/1618 1733/2056/1138 11/11/1137
f 1124/1207/5 1123/1206/5 1458/1638/5 1840/2327/5
f 121/124/616 120/123/616 1793/2180/616 1759/2104/616
f 1257/1376/1292 1307/1443/1292 1341/1681/854 1491/1680/854
f 1105/1186/558 1139/1222/557 1094/1173/526 755/790/525
f 789/828/1176 1571/1803/1175 483/496/200 482/495/200
f 1724/2035/1619 510/524/1459 1838/2323/1461 1859/2425/1620
f 1299/2426/676 1298/2070/676 1204/1308/1621 1203/1307/1621
f 1185/1282/356 52/52/356 1212/1318/356 1765/2110/356
f 652/825/92 1413/2361/92 1415/2313/92 785/822/92
f 713/744/5 723/755/5 1715/2019/5 714/745/5
f 569/586/5 1784/2155/5 195/198/5 375/383/5
f 248/2402/1622 338/344/140 341/347/142 1825/2427/1622
f 256/261/720 1144/1230/719 211/214/1623 257/262/1623
f 415/424/1624 414/423/1624 80/2428/24 79/787/23
f 1487/2343/2 1609/1858/2 489/502/2 634/661/2
f 1834/2299/5 1678/1970/5 1319/1750/5 1278/1401/5
f 1805/2384/1625 181/184/1625 1819/2263/1372 1665/2262/1372
f 1596/1839/1006 1048/1115/488 315/321/488 1465/1646/1007
f 1828/2285/1410 1822/2269/1409 1668/1947/1037 1667/1946/1036
f 1789/2166/1474 411/420/1626 1461/1641/1626 1068/2334/1474
f 817/856/45 1228/1341/45 1764/2109/45 1777/2139/45
f 1280/1405/1362 158/161/1362 476/489/195 475/488/195
f 1476/2429/1 1196/2007/1 1707/2010/1 192/195/1
f 972/2200/1308 523/537/218 526/540/221 291/296/1309
f 1804/2210/1627 1462/1642/1627 1632/1893/1627 1099/1178/1627
f 1827/2277/225 1791/2398/225 1661/2430/225 1660/2278/225
f 546/563/1026 254/259/1025 601/623/133 600/622/133
f 306/312/1628 305/311/1628 893/2431/1628 1790/2182/1628
f 1842/2333/225 1801/2202/225 1637/2203/225 1600/2432/225
f 241/245/1629 1268/1390/1629 1274/1397/1629 242/246/1629
f 1022/1084/5 1021/1083/5 1850/2385/5 340/2416/5
f 326/332/77 996/1058/77 995/1057/77 1544/1765/77
f 1572/1804/925 1713/2016/1318 1496/1686/1318 1495/1685/924
f 871/912/2 1650/1919/2 529/543/2 1508/1708/2
f 325/331/2 190/2081/2 1745/2082/2 326/332/2
f 685/716/1630 970/1025/459 972/1028/462 1800/2433/1631
f 1722/2434/1632 859/900/394 732/766/397 731/765/1633
f 1749/2087/1634 1552/1776/1634 1730/2045/1634 1007/2088/1634
f 1633/2435/1635 1783/2154/1636 1340/1485/714 1339/1484/713
f 1031/2356/1167 1757/2101/1167 1122/1205/1362 1839/2326/1362
f 1032/1098/481 1031/1097/480 1839/2401/1637 1230/1343/1637
f 1628/1885/305 1471/1653/305 1366/1656/305 1365/1886/305
f 326/332/2 1544/1765/2 656/687/2 327/333/2
f 1852/2436/92 1322/1465/704 1324/1468/704 1851/2437/92
f 1808/2221/1324 1795/2188/1295 580/598/1297 14/14/1325
f 629/1003/436 459/2438/436 567/584/436 570/587/436
f 78/2439/2 1162/2440/2 753/788/2 79/787/2
f 292/297/997 844/1902/996 846/2441/1638 293/298/1639
f 500/513/1 1767/2113/1 1015/1077/1 1014/1076/1
f 563/580/244 562/579/243 1798/2195/1640 1760/2105/1640
f 1233/1346/1606 1232/1345/1641 1093/2121/1641 812/2414/1607
f 1673/1955/1642 120/123/1642 123/126/1642 722/2351/1642
f 1002/1064/1331 1264/1384/1282 829/869/385 1001/1063/1331
f 583/1777/897 798/837/896 1783/2154/1636 1633/2435/1635
f 1574/1806/1643 64/64/1643 1083/2286/1643 1082/2442/1643
f 641/668/5 640/667/5 1455/2342/5 1427/1602/5
f 857/898/305 1837/2315/305 1240/1356/305 1832/2297/305
f 1842/2443/92 1600/1846/92 921/970/92 1051/2444/92
f 200/203/2 1685/1977/2 589/608/2 201/204/2
f 720/752/765 123/751/765 122/2058/765 1734/2057/765
f 1344/1490/5 1459/1639/5 1756/2100/5 1563/1789/5
f 531/545/13 1159/2242/13 1158/1287/13 1188/1286/13
f 459/2438/1214 458/1139/1214 1067/1142/1214 567/584/1214
f 135/138/50 134/137/49 1814/2245/1554 447/460/1553
f 1065/1140/1362 1326/2252/1362 1587/1824/1362 1066/1141/1362
f 1258/1377/1644 1257/1376/1644 1491/1680/1644 1514/1721/1644
f 518/532/1645 517/531/1645 771/807/1645 1594/1837/1645
f 154/157/61 1689/1986/1392 1766/2112/1646 574/592/252
f 437/449/1647 366/1799/1647 369/2025/1647 219/223/1647
f 1758/2103/1411 1840/2327/1590 787/826/1591 790/829/1412
f 125/128/1648 1216/1324/1648 1721/2445/1648 126/129/1648
f 423/434/1479 1647/1912/1478 765/801/941 1587/1824/940
f 235/239/2 408/417/2 411/420/2 1789/2166/2
f 1436/1614/356 482/495/356 10/10/1649 9/9/1649
f 1482/1874/430 107/119/43 119/122/43 739/773/430
f 1091/2123/1650 1561/1787/1650 1294/1421/1650 1092/1691/1650
f 695/2117/468 33/33/468 36/36/469 1328/1473/469
f 1745/2082/790 1625/1879/790 996/1058/790 326/332/790
f 31/31/1651 1395/1967/1651 321/327/1651 320/326/1651
f 1683/1969/1089 1207/1311/610 1208/1314/611 46/46/1090
f 1639/2249/67 518/532/67 1594/1837/67 1593/1836/67
f 1492/1934/1027 1341/1486/1652 1343/1489/1652 1658/1935/1028
f 711/742/745 710/741/880 668/1809/880 671/2446/745
f 1651/1921/5 1645/1910/5 1644/1909/5 1718/2024/5
f 483/496/2 1744/2080/2 1664/1942/2 484/497/2
f 1558/1783/904 1557/1782/903 1841/2409/1595 1486/1674/1594
f 1751/2092/1653 1804/2210/1653 1099/1178/1653 1098/1177/1653
f 448/2447/187 447/2448/186 1853/2449/1654 1324/2450/1655
f 1516/1724/45 1467/2064/45 189/192/45 188/191/45
f 732/766/329 861/902/873 633/660/873 733/767/329
f 364/370/1442 363/369/1559 1795/2188/1559 1808/2221/1442
f 1860/2451/1656 1846/2362/1508 814/853/1511 813/852/1657
f 1096/1175/177 1187/2393/178 1677/1961/179 1676/1960/177
f 421/432/1658 1576/2365/1658 404/2452/1658 407/429/1658
f 1459/1639/814 1344/1490/717 1115/1198/716 1118/1201/815
f 1349/1495/1338 1304/1438/685 161/1441/687 160/2228/1339
f 769/805/1659 852/893/1659 855/896/1659 770/806/1659
f 819/858/5 1812/2243/5 317/323/5 316/322/5
f 55/55/1660 1351/1499/1660 1670/1949/1660 1528/1741/1660
f 1778/2140/1634 1448/1627/1634 1447/1626/1634 1779/2141/1634
f 1613/1864/972 1860/2451/1656 813/852/1657 1181/1276/973
f 1478/1662/840 1255/2453/639 937/988/642 16/16/839
f 891/934/1599 920/969/1598 1849/2371/1661 69/935/1661
f 1111/1192/1456 534/549/228 533/548/227 1522/2454/1457
f 620/647/2 644/673/2 412/421/2 1061/1135/2
f 1049/1116/489 804/843/861 1484/1671/861 312/318/489
f 1178/1273/5 1247/1364/5 1369/1518/5 1179/1274/5
f 566/583/1662 1568/1800/1662 1209/1315/1662 429/440/1662
f 1386/1545/726 1385/1544/726 698/729/721 350/1496/721
f 1684/2163/77 599/2455/77 1652/2456/77 962/1017/77
f 1261/1990/1130 495/508/204 498/511/204 554/571/1130
f 1634/1896/5 285/290/5 571/588/5 1787/2160/5
f 882/923/5 1834/2299/5 1278/1401/5 1277/1400/5
f 700/731/1663 815/854/1663 1549/1772/1663 701/732/1663
f 638/1349/623 1234/1348/622 1241/1357/1664 1652/2456/1664
f 1618/1869/1665 169/252/1666 250/255/1667 866/907/1667
f 1090/1169/520 1200/1302/1668 1770/2318/1668 1091/1170/521
f 1721/2029/859 485/498/859 488/501/859 126/2423/859
f 351/1497/45 697/728/45 1433/1608/45 1492/1682/45
f 1055/1124/2 1054/1123/2 1222/2355/2 1472/1654/2
f 1457/1637/5 1199/1301/5 784/821/5 783/820/5
f 956/2266/1382 1180/1275/1381 662/693/679 957/1434/678
f 1674/1956/1669 1724/2035/1619 1859/2425/1620 24/24/1669
f 192/195/141 1707/2010/141 1843/2341/141 193/196/141
f 51/2415/2 1487/2343/2 634/661/2 1509/1711/2
f 853/2032/799 1721/2445/799 1216/1324/799 18/18/799
f 1256/1374/2 1548/1771/2 456/469/2 628/655/2
f 504/517/1670 1154/1244/1608 775/2419/1608 604/2307/1670
f 1719/2027/1671 1407/1577/1671 1406/1576/1671 1248/1365/1671
f 1387/2457/1344 1641/1906/1343 1682/1968/1162 1740/2075/1161
f 1172/1267/636 1819/2263/1487 1320/1462/1489 1246/1363/637
f 1855/2403/1578 823/862/1577 934/984/438 933/983/437
f 1477/1660/93 1476/1659/93 192/2458/93 191/2370/93
f 1430/2381/1542 28/2091/1180 418/427/1181 1382/1538/1543
f 823/862/1672 822/861/1672 1269/1391/1672 934/984/1672
f 1730/2045/45 1706/2009/45 1103/2008/45 1102/2459/45
f 1532/1745/1673 1627/1884/1673 1675/1958/1673 1533/1746/1673
f 186/189/225 1235/1350/225 1236/1351/225 274/1981/225
f 1832/2297/92 1831/2296/92 858/899/92 857/898/92
f 1131/1214/551 501/2279/207 502/1677/852 1132/1215/852
f 1484/1671/848 1483/1670/847 313/319/130 312/318/129
f 1712/2460/1097 1856/2404/1674 1605/1854/1674 1713/2461/1098
f 30/30/2 29/29/2 658/689/2 657/688/2
f 605/627/1675 776/813/730 1153/1241/730 503/516/1675
f 749/783/1676 138/141/1676 129/132/1676 642/669/1676
f 1622/1876/1616 1621/1875/1510 1847/2363/1509 1858/2424/1617
f 1807/2220/1443 948/2225/450 949/1032/450 976/1035/1443
f 64/64/1677 63/63/1677 625/2287/1677 1083/2286/1677
f 1635/1897/1369 80/2462/1369 414/1425/726 282/287/726
f 1569/1801/2 1177/1272/2 1258/1377/2 1210/1316/2
f 598/620/1678 597/619/1678 1329/1474/1678 1520/1913/1678
f 943/995/444 942/994/443 1063/1137/1060 1505/1698/1059
f 1081/1158/1679 1080/1157/1679 1047/1114/1679 1046/1113/1679
f 1448/1627/5 1778/2140/5 539/554/5 538/553/5
f 1796/2406/5 1799/2197/5 1648/2196/5 1797/2463/5
f 688/719/2 609/631/2 294/299/2 297/302/2
f 656/687/2 1544/1765/2 1546/1767/2 653/684/2
f 992/1054/2 170/2464/2 1618/1869/2 1310/1449/2
f 1836/2314/2 681/712/2 511/525/2 1235/1350/2
f 1607/1856/5 1534/1747/5 1355/1503/5 1799/2197/5
f 69/935/1680 1849/2371/1680 1336/2167/1680 70/2465/1680
f 851/892/5 850/891/5 1607/1856/5 1857/2405/5
f 1331/1476/5 1825/2273/5 1252/1370/5 1332/1477/5
f 1438/1617/5 1699/1999/5 1503/1696/5 1439/1618/5
f 1803/2205/2 1125/1208/2 1619/1871/2 1735/2063/2
f 889/932/5 1346/1492/5 1010/1072/5 890/933/5
f 962/1017/1681 1652/2456/1681 1241/1357/1681 963/1018/1681
f 1282/1407/5 1201/1305/5 461/474/5 460/473/5
f 1236/1351/2 514/528/2 431/442/2 433/445/2
f 1337/1482/1682 1060/2466/1682 72/72/1682 71/71/1682
f 1223/1334/2 726/760/2 1803/2205/2 1224/1335/2
f 1720/2028/1683 1446/1625/1684 1445/1624/1685 1861/2467/1686
f 1552/1776/5 1749/2087/5 1748/2086/5 1075/1151/5
f 1135/2254/1687 1590/1830/1687 265/2264/1687 1136/2468/1687
f 48/1340/1688 1374/2469/1688 1601/2181/1688 1043/1110/1688
f 243/247/1689 1862/2470/1690 933/983/1691 240/244/1692
f 1222/1332/2 1224/1335/2 1473/2062/2 1472/2471/2
f 1848/2369/2 1820/2267/2 806/845/2 805/844/2
f 1441/1620/1693 100/100/1693 99/99/1693 1454/1634/1693
f 808/847/2 807/846/2 1197/1298/2 1475/1658/2
f 1080/1157/2 1288/1415/2 1044/1111/2 1047/1114/2
f 1843/2341/5 1551/1775/5 194/197/5 193/196/5
f 1810/2238/5 387/396/5 88/88/5 87/87/5
f 887/1044/1694 984/1043/1694 1041/1107/1694
f 964/1019/2 963/1018/2 1011/1073/2
f 1060/1130/495 1337/2168/1695 1058/1127/492
f 1311/1450/2 1310/1449/2 868/909/2
f 1861/2472/1686 116/117/1696 289/294/1697
f 1696/2473/1698 1695/2394/1567 1829/2290/1566
f 575/593/1699 1862/2470/1690 155/158/1700
f 1265/2375/1701 1263/2374/647 1262/2474/646
f 1281/1406/1702 725/759/1702 1282/1407/1702
f 1649/1918/1703 1465/1646/822 612/1645/821
f 1095/1174/1704 1094/1173/1705 1862/2470/1690
f 139/142/1706 537/552/1706 136/139/1706
f 1861/2472/1686 1847/2363/1707 1846/2362/1708
f 1861/2467/1686 1725/2037/1709 1720/2028/1683
f 1473/2062/2 1224/1335/2 1735/2063/2
f 1245/1362/634 1239/2475/1710 1244/1361/633
f 1786/2157/1711 957/1012/1711 1301/2476/1711
f 260/265/2 962/1017/2 261/266/2
f 1851/2386/1712 1853/2449/1556 1813/2387/1555
f 1796/2406/5 1857/2405/5 1799/2197/5
f 1722/2434/1632 731/765/1633 1785/2156/1713
f 1300/1432/5 762/798/5 761/797/5
f 1653/1925/1714 1862/2470/1690 1667/1946/1715
f 1291/1418/5 1797/2193/5 1292/1419/5
f 24/24/5 1859/2425/5 21/21/5
f 721/753/2 720/752/2 175/178/2
f 331/792/1716 756/791/1716 973/1029/1716
f 1493/1762/1717 975/1761/1717 974/2477/1717
f 1851/2386/1718 1324/2450/1655 1853/2449/1654
f 1828/2285/1719 1862/2470/1690 243/247/1689
f 1521/1731/5 1442/1621/5 1441/1620/5
f 248/253/1469 1825/2273/1720 1331/1476/1470
f 1861/2472/1686 117/118/1721 116/117/1696
f 337/343/2 336/342/2 992/1054/2
f 1861/2472/1686 1612/1863/1722 1856/2404/1723
f 29/2258/1724 1084/1162/1724 392/1161/1724
f 1800/2433/1631 686/717/1725 685/716/1630
f 992/1054/2 842/1053/2 170/2464/2
f 1861/2467/1686 1711/2014/1726 1725/2037/1709
f 472/485/1727 784/821/1727 1089/1168/1727
f 1094/1173/1705 1139/1222/1728 1862/2470/1690
f 1471/1653/2 1055/1124/2 1472/1654/2
f 1857/2405/5 1607/1856/5 1799/2197/5
f 793/832/5 792/831/5 1332/1477/5
f 1366/1515/2 1473/2062/2 1367/1516/2
f 1420/1595/5 1419/1594/5 1796/2406/5
f 294/299/1729 611/633/1729 295/300/1729
f 4/4/141 3/3/141 1659/1937/141
f 1735/2063/2 1224/1335/2 1803/2205/2
f 1480/1667/1730 906/954/1731 1862/2470/1690
f 535/550/1732 744/778/1732 130/133/1732
f 1722/2434/1733 1785/2156/1733 1821/2478/1733
f 679/710/1734 1496/2189/1734 1713/2399/1734
f 393/402/1735 627/654/1735 723/755/1735
f 933/983/1691 1862/2470/1690 1855/2403/1736
f 1855/2403/1736 1862/2470/1690 575/593/1699
f 115/116/1737 1093/2121/1641 1232/1345/1641
f 131/134/5 130/133/5 744/778/5
f 1861/2472/1686 1860/2451/1738 1613/1864/1739
f 23/23/5 22/22/5 1793/2180/5
f 1861/2467/1686 1712/2015/1740 1711/2014/1726
f 1774/2130/2 1397/1564/2 1773/2127/2
f 1539/1756/2 1772/2125/2 1806/2218/2
f 1245/1362/695 592/1456/698 1239/2475/1741
f 1618/1869/1665 170/2464/1742 169/252/1666
f 959/1014/1743 537/552/1743 139/142/1743
f 726/760/1744 1223/1334/1744 727/761/1744
f 1497/1687/2 178/181/2 1774/2130/2
f 1786/2157/1745 1301/2476/681 661/2411/680
f 1773/2127/2 1397/1564/2 1399/1567/2
f 1300/1432/5 816/855/5 762/798/5
f 1861/2472/1686 1856/2404/1723 1712/2460/1740
f 683/714/1746 293/2185/1639 846/886/1638
f 717/748/1062 1295/1422/910 1562/1788/909
f 178/181/2 1397/1564/2 1774/2130/2
f 960/1015/2 959/1014/2 139/142/2
f 1089/1168/519 784/821/607 1090/1169/520
f 1800/2433/1307 290/2184/1310 686/717/1747
f 1042/2479/1748 1605/1854/1748 334/1424/1748
f 1861/2472/1686 289/294/1697 1858/2424/1749
f 536/551/1750 535/550/1750 130/133/1750
f 1798/2195/1301 1698/1998/1300 1697/1997/1751
f 1861/2472/1686 1613/1864/1739 1612/1863/1722
f 1540/1757/1525 1336/2167/1752 1849/2371/1526
f 1138/1221/1753 1480/1667/1730 1862/2470/1690
f 906/954/1731 152/155/1754 1862/2470/1690
f 21/21/5 1859/2425/5 1559/1785/5
f 1238/1354/1755 1769/2119/1204 1768/2118/1203
f 683/714/1756 846/886/390 684/715/389
f 821/860/1438 574/592/1757 1741/2076/1438
f 1653/1925/1714 1095/1174/1704 1862/2470/1690
f 1238/1354/1758 595/617/1371 1769/2119/1370
f 1443/1622/5 97/97/5 100/100/5
f 553/2480/237 556/2373/240 1266/2376/1759
f 1830/2360/1507 1852/2388/1760 1816/2357/1504
f 175/178/2 720/752/2 1734/2057/2
f 1667/1946/1715 1862/2470/1690 1828/2285/1719
f 1861/2467/1686 1445/1624/1685 117/1954/1721
f 1539/1756/2 1538/1755/2 1772/2125/2
f 1798/2195/1761 1697/1997/1761 1760/2105/1761
f 967/1022/5 1252/1370/5 1254/1372/5
f 22/22/5 1759/2104/5 1793/2180/5
f 717/748/1762 716/747/1762 1295/1422/1762
f 1859/2425/5 1838/2323/5 1559/1785/5
f 1838/2323/5 1659/1937/5 1559/1785/5
f 1786/2157/1763 734/768/455 957/1012/454
f 1696/2473/1764 1829/2290/1764 1761/2292/1764
f 1854/2391/1561 1649/2481/1765 612/637/270
f 1399/1567/790 2/1566/790 1/2234/790
f 1267/1389/1766 1355/1503/1766 1534/1747/1766
f 1821/2478/1385 1785/2156/1767 664/2412/1384
f 1830/2295/1418 1322/1465/1419 1852/2436/1768
f 1861/2472/1686 1858/2424/1749 1847/2363/1707
f 1595/1838/1769 1597/1840/1769 1649/1918/1769
f 1750/2090/1770 886/927/1770 547/564/1770
f 1139/1222/1728 1138/1221/1753 1862/2470/1690
f 1861/2472/1686 1846/2362/1708 1860/2451/1738
f 1252/1370/5 1825/2273/5 1253/1371/5
f 152/155/1754 155/158/1700 1862/2470/1690
